[
{
    "pk": 1, 
    "model": "contenttypes.contenttype", 
    "fields": {
        "model": "permission", 
        "name": "permission", 
        "app_label": "auth"
    }
},
{
    "pk": 2, 
    "model": "contenttypes.contenttype", 
    "fields": {
        "model": "group", 
        "name": "group", 
        "app_label": "auth"
    }
},
{
    "pk": 3, 
    "model": "contenttypes.contenttype", 
    "fields": {
        "model": "user", 
        "name": "user", 
        "app_label": "auth"
    }
},
{
    "pk": 4, 
    "model": "contenttypes.contenttype", 
    "fields": {
        "model": "contenttype", 
        "name": "content type", 
        "app_label": "contenttypes"
    }
},
{
    "pk": 5, 
    "model": "contenttypes.contenttype", 
    "fields": {
        "model": "session", 
        "name": "session", 
        "app_label": "sessions"
    }
},
{
    "pk": 6, 
    "model": "contenttypes.contenttype", 
    "fields": {
        "model": "site", 
        "name": "site", 
        "app_label": "sites"
    }
},
{
    "pk": 7, 
    "model": "contenttypes.contenttype", 
    "fields": {
        "model": "logentry", 
        "name": "log entry", 
        "app_label": "admin"
    }
},
{
    "pk": 8, 
    "model": "contenttypes.contenttype", 
    "fields": {
        "model": "analysis", 
        "name": "analysis", 
        "app_label": "socialnet"
    }
},
{
    "pk": 9, 
    "model": "contenttypes.contenttype", 
    "fields": {
        "model": "dataset", 
        "name": "data set", 
        "app_label": "socialnet"
    }
},
{
    "pk": 10, 
    "model": "contenttypes.contenttype", 
    "fields": {
        "model": "data", 
        "name": "data", 
        "app_label": "socialnet"
    }
},
{
    "pk": 11, 
    "model": "contenttypes.contenttype", 
    "fields": {
        "model": "host", 
        "name": "host", 
        "app_label": "socialnet"
    }
},
{
    "pk": 12, 
    "model": "contenttypes.contenttype", 
    "fields": {
        "model": "location", 
        "name": "location", 
        "app_label": "socialnet"
    }
},
{
    "pk": 13, 
    "model": "contenttypes.contenttype", 
    "fields": {
        "model": "project", 
        "name": "project", 
        "app_label": "socialnet"
    }
},
{
    "pk": 14, 
    "model": "contenttypes.contenttype", 
    "fields": {
        "model": "userprofile", 
        "name": "user profile", 
        "app_label": "socialnet"
    }
},
{
    "pk": 15, 
    "model": "contenttypes.contenttype", 
    "fields": {
        "model": "usersocialauth", 
        "name": "user social auth", 
        "app_label": "default"
    }
},
{
    "pk": 16, 
    "model": "contenttypes.contenttype", 
    "fields": {
        "model": "nonce", 
        "name": "nonce", 
        "app_label": "default"
    }
},
{
    "pk": 17, 
    "model": "contenttypes.contenttype", 
    "fields": {
        "model": "association", 
        "name": "association", 
        "app_label": "default"
    }
},
{
    "pk": 18, 
    "model": "contenttypes.contenttype", 
    "fields": {
        "model": "code", 
        "name": "code", 
        "app_label": "default"
    }
},
{
    "pk": 19, 
    "model": "contenttypes.contenttype", 
    "fields": {
        "model": "taggeditem", 
        "name": "Tagged Item", 
        "app_label": "taggit"
    }
},
{
    "pk": "rou8dn895ydvggcr1v0lu3sus3e8jb2o", 
    "model": "sessions.session", 
    "fields": {
        "expire_date": "2014-01-21T14:51:07.121Z", 
        "session_data": "ZDNmZmQ5ODlhYTM4YzlhYjJkZTE4YzJjNDZmNDg2NTk4YjYyZmRkYTqAAn1xAShVEl9hdXRoX3VzZXJfYmFja2VuZHECVSlkamFuZ28uY29udHJpYi5hdXRoLmJhY2tlbmRzLk1vZGVsQmFja2VuZHEDVQ1fYXV0aF91c2VyX2lkcQRLAXUu"
    }
},
{
    "pk": 1, 
    "model": "sites.site", 
    "fields": {
        "domain": "example.com", 
        "name": "example.com"
    }
},
{
    "pk": 1, 
    "model": "socialnet.host", 
    "fields": {
        "last_location": 3, 
        "name": "AA Server", 
        "description": ""
    }
},
{
    "pk": 2, 
    "model": "socialnet.host", 
    "fields": {
        "last_location": 3, 
        "name": "AA Simulation Comp 1", 
        "description": ""
    }
},
{
    "pk": 3, 
    "model": "socialnet.host", 
    "fields": {
        "last_location": 3, 
        "name": "AA Simulation Comp 2", 
        "description": ""
    }
},
{
    "pk": 4, 
    "model": "socialnet.host", 
    "fields": {
        "last_location": 3, 
        "name": "AA Simulation Comp 3", 
        "description": ""
    }
},
{
    "pk": 5, 
    "model": "socialnet.host", 
    "fields": {
        "last_location": 3, 
        "name": "Paul Johnson Laptop", 
        "description": ""
    }
},
{
    "pk": 6, 
    "model": "socialnet.host", 
    "fields": {
        "last_location": 4, 
        "name": "Hill Server", 
        "description": ""
    }
},
{
    "pk": 7, 
    "model": "socialnet.host", 
    "fields": {
        "last_location": 4, 
        "name": "Presidents Computer", 
        "description": ""
    }
},
{
    "pk": 8, 
    "model": "socialnet.host", 
    "fields": {
        "last_location": 1, 
        "name": "Dev Computer", 
        "description": ""
    }
},
{
    "pk": 9, 
    "model": "socialnet.host", 
    "fields": {
        "last_location": 1, 
        "name": "Test Comp", 
        "description": ""
    }
},
{
    "pk": 10, 
    "model": "socialnet.host", 
    "fields": {
        "last_location": 5, 
        "name": "Production Server 1", 
        "description": ""
    }
},
{
    "pk": 11, 
    "model": "socialnet.host", 
    "fields": {
        "last_location": 6, 
        "name": "International Server", 
        "description": ""
    }
},
{
    "pk": 12, 
    "model": "socialnet.host", 
    "fields": {
        "last_location": 5, 
        "name": "Production Server 2", 
        "description": ""
    }
},
{
    "pk": 13, 
    "model": "socialnet.host", 
    "fields": {
        "last_location": 5, 
        "name": "Production Server 3", 
        "description": ""
    }
},
{
    "pk": 14, 
    "model": "socialnet.host", 
    "fields": {
        "last_location": 1, 
        "name": "D3 Dev Laptop", 
        "description": ""
    }
},
{
    "pk": 15, 
    "model": "socialnet.host", 
    "fields": {
        "last_location": 1, 
        "name": "D3 Dev Tablet", 
        "description": ""
    }
},
{
    "pk": 16, 
    "model": "socialnet.host", 
    "fields": {
        "last_location": 1, 
        "name": "D3 Dev Server", 
        "description": ""
    }
},
{
    "pk": 1, 
    "model": "socialnet.location", 
    "fields": {
        "city": "Atlanta", 
        "name": "Atl", 
        "description": ""
    }
},
{
    "pk": 2, 
    "model": "socialnet.location", 
    "fields": {
        "city": "St Augustine", 
        "name": "Moms House", 
        "description": ""
    }
},
{
    "pk": 3, 
    "model": "socialnet.location", 
    "fields": {
        "city": "Atlanta", 
        "name": "Bobby Dodd", 
        "description": ""
    }
},
{
    "pk": 4, 
    "model": "socialnet.location", 
    "fields": {
        "city": "Atlanta", 
        "name": "The Hill", 
        "description": ""
    }
},
{
    "pk": 5, 
    "model": "socialnet.location", 
    "fields": {
        "city": "San Francisco", 
        "name": "Heroku Server", 
        "description": ""
    }
},
{
    "pk": 6, 
    "model": "socialnet.location", 
    "fields": {
        "city": "London", 
        "name": "Overseas", 
        "description": ""
    }
},
{
    "pk": 1, 
    "model": "taggit.tag", 
    "fields": {
        "name": "georgia tech", 
        "slug": "georgia-tech"
    }
},
{
    "pk": 2, 
    "model": "taggit.tag", 
    "fields": {
        "name": "gatech", 
        "slug": "gatech"
    }
},
{
    "pk": 3, 
    "model": "taggit.tag", 
    "fields": {
        "name": "football", 
        "slug": "football"
    }
},
{
    "pk": 4, 
    "model": "taggit.tag", 
    "fields": {
        "name": "game 1", 
        "slug": "game-1"
    }
},
{
    "pk": 5, 
    "model": "taggit.tag", 
    "fields": {
        "name": "sim 1", 
        "slug": "sim-1"
    }
},
{
    "pk": 6, 
    "model": "taggit.tag", 
    "fields": {
        "name": "sim 2", 
        "slug": "sim-2"
    }
},
{
    "pk": 7, 
    "model": "taggit.tag", 
    "fields": {
        "name": "sim 3", 
        "slug": "sim-3"
    }
},
{
    "pk": 8, 
    "model": "taggit.tag", 
    "fields": {
        "name": "statistics", 
        "slug": "statistics"
    }
},
{
    "pk": 9, 
    "model": "taggit.tag", 
    "fields": {
        "name": "game plan", 
        "slug": "game-plan"
    }
},
{
    "pk": 10, 
    "model": "taggit.tag", 
    "fields": {
        "name": "sim 4", 
        "slug": "sim-4"
    }
},
{
    "pk": 11, 
    "model": "taggit.tag", 
    "fields": {
        "name": "sim 5", 
        "slug": "sim-5"
    }
},
{
    "pk": 12, 
    "model": "taggit.tag", 
    "fields": {
        "name": "sim 6", 
        "slug": "sim-6"
    }
},
{
    "pk": 13, 
    "model": "taggit.tag", 
    "fields": {
        "name": "sim 7", 
        "slug": "sim-7"
    }
},
{
    "pk": 14, 
    "model": "taggit.tag", 
    "fields": {
        "name": "sim 8", 
        "slug": "sim-8"
    }
},
{
    "pk": 15, 
    "model": "taggit.tag", 
    "fields": {
        "name": "sim 9", 
        "slug": "sim-9"
    }
},
{
    "pk": 16, 
    "model": "taggit.tag", 
    "fields": {
        "name": "gameplan 2", 
        "slug": "gameplan-2"
    }
},
{
    "pk": 17, 
    "model": "taggit.tag", 
    "fields": {
        "name": "sim", 
        "slug": "sim"
    }
},
{
    "pk": 18, 
    "model": "taggit.tag", 
    "fields": {
        "name": "stadium", 
        "slug": "stadium"
    }
},
{
    "pk": 19, 
    "model": "taggit.tag", 
    "fields": {
        "name": "analysis", 
        "slug": "analysis"
    }
},
{
    "pk": 20, 
    "model": "taggit.tag", 
    "fields": {
        "name": "dev", 
        "slug": "dev"
    }
},
{
    "pk": 21, 
    "model": "taggit.tag", 
    "fields": {
        "name": "test", 
        "slug": "test"
    }
},
{
    "pk": 22, 
    "model": "taggit.tag", 
    "fields": {
        "name": "prod", 
        "slug": "prod"
    }
},
{
    "pk": 23, 
    "model": "taggit.tag", 
    "fields": {
        "name": "d3", 
        "slug": "d3"
    }
},
{
    "pk": 4, 
    "model": "taggit.taggeditem", 
    "fields": {
        "tag": 1, 
        "content_type": [
            "socialnet", 
            "project"
        ], 
        "object_id": 1
    }
},
{
    "pk": 5, 
    "model": "taggit.taggeditem", 
    "fields": {
        "tag": 2, 
        "content_type": [
            "socialnet", 
            "project"
        ], 
        "object_id": 1
    }
},
{
    "pk": 6, 
    "model": "taggit.taggeditem", 
    "fields": {
        "tag": 3, 
        "content_type": [
            "socialnet", 
            "project"
        ], 
        "object_id": 1
    }
},
{
    "pk": 15, 
    "model": "taggit.taggeditem", 
    "fields": {
        "tag": 9, 
        "content_type": [
            "socialnet", 
            "data"
        ], 
        "object_id": 5
    }
},
{
    "pk": 16, 
    "model": "taggit.taggeditem", 
    "fields": {
        "tag": 4, 
        "content_type": [
            "socialnet", 
            "data"
        ], 
        "object_id": 5
    }
},
{
    "pk": 17, 
    "model": "taggit.taggeditem", 
    "fields": {
        "tag": 4, 
        "content_type": [
            "socialnet", 
            "data"
        ], 
        "object_id": 6
    }
},
{
    "pk": 32, 
    "model": "taggit.taggeditem", 
    "fields": {
        "tag": 9, 
        "content_type": [
            "socialnet", 
            "data"
        ], 
        "object_id": 13
    }
},
{
    "pk": 33, 
    "model": "taggit.taggeditem", 
    "fields": {
        "tag": 4, 
        "content_type": [
            "socialnet", 
            "data"
        ], 
        "object_id": 13
    }
},
{
    "pk": 34, 
    "model": "taggit.taggeditem", 
    "fields": {
        "tag": 17, 
        "content_type": [
            "socialnet", 
            "data"
        ], 
        "object_id": 1
    }
},
{
    "pk": 35, 
    "model": "taggit.taggeditem", 
    "fields": {
        "tag": 4, 
        "content_type": [
            "socialnet", 
            "data"
        ], 
        "object_id": 1
    }
},
{
    "pk": 36, 
    "model": "taggit.taggeditem", 
    "fields": {
        "tag": 17, 
        "content_type": [
            "socialnet", 
            "data"
        ], 
        "object_id": 2
    }
},
{
    "pk": 37, 
    "model": "taggit.taggeditem", 
    "fields": {
        "tag": 4, 
        "content_type": [
            "socialnet", 
            "data"
        ], 
        "object_id": 2
    }
},
{
    "pk": 38, 
    "model": "taggit.taggeditem", 
    "fields": {
        "tag": 17, 
        "content_type": [
            "socialnet", 
            "data"
        ], 
        "object_id": 3
    }
},
{
    "pk": 39, 
    "model": "taggit.taggeditem", 
    "fields": {
        "tag": 4, 
        "content_type": [
            "socialnet", 
            "data"
        ], 
        "object_id": 3
    }
},
{
    "pk": 40, 
    "model": "taggit.taggeditem", 
    "fields": {
        "tag": 8, 
        "content_type": [
            "socialnet", 
            "data"
        ], 
        "object_id": 4
    }
},
{
    "pk": 41, 
    "model": "taggit.taggeditem", 
    "fields": {
        "tag": 4, 
        "content_type": [
            "socialnet", 
            "data"
        ], 
        "object_id": 4
    }
},
{
    "pk": 42, 
    "model": "taggit.taggeditem", 
    "fields": {
        "tag": 17, 
        "content_type": [
            "socialnet", 
            "data"
        ], 
        "object_id": 7
    }
},
{
    "pk": 43, 
    "model": "taggit.taggeditem", 
    "fields": {
        "tag": 4, 
        "content_type": [
            "socialnet", 
            "data"
        ], 
        "object_id": 7
    }
},
{
    "pk": 44, 
    "model": "taggit.taggeditem", 
    "fields": {
        "tag": 17, 
        "content_type": [
            "socialnet", 
            "data"
        ], 
        "object_id": 8
    }
},
{
    "pk": 45, 
    "model": "taggit.taggeditem", 
    "fields": {
        "tag": 4, 
        "content_type": [
            "socialnet", 
            "data"
        ], 
        "object_id": 8
    }
},
{
    "pk": 46, 
    "model": "taggit.taggeditem", 
    "fields": {
        "tag": 17, 
        "content_type": [
            "socialnet", 
            "data"
        ], 
        "object_id": 9
    }
},
{
    "pk": 47, 
    "model": "taggit.taggeditem", 
    "fields": {
        "tag": 4, 
        "content_type": [
            "socialnet", 
            "data"
        ], 
        "object_id": 9
    }
},
{
    "pk": 48, 
    "model": "taggit.taggeditem", 
    "fields": {
        "tag": 17, 
        "content_type": [
            "socialnet", 
            "data"
        ], 
        "object_id": 10
    }
},
{
    "pk": 49, 
    "model": "taggit.taggeditem", 
    "fields": {
        "tag": 4, 
        "content_type": [
            "socialnet", 
            "data"
        ], 
        "object_id": 10
    }
},
{
    "pk": 50, 
    "model": "taggit.taggeditem", 
    "fields": {
        "tag": 17, 
        "content_type": [
            "socialnet", 
            "data"
        ], 
        "object_id": 11
    }
},
{
    "pk": 51, 
    "model": "taggit.taggeditem", 
    "fields": {
        "tag": 4, 
        "content_type": [
            "socialnet", 
            "data"
        ], 
        "object_id": 11
    }
},
{
    "pk": 52, 
    "model": "taggit.taggeditem", 
    "fields": {
        "tag": 17, 
        "content_type": [
            "socialnet", 
            "data"
        ], 
        "object_id": 12
    }
},
{
    "pk": 53, 
    "model": "taggit.taggeditem", 
    "fields": {
        "tag": 4, 
        "content_type": [
            "socialnet", 
            "data"
        ], 
        "object_id": 12
    }
},
{
    "pk": 54, 
    "model": "taggit.taggeditem", 
    "fields": {
        "tag": 18, 
        "content_type": [
            "socialnet", 
            "data"
        ], 
        "object_id": 14
    }
},
{
    "pk": 55, 
    "model": "taggit.taggeditem", 
    "fields": {
        "tag": 4, 
        "content_type": [
            "socialnet", 
            "data"
        ], 
        "object_id": 14
    }
},
{
    "pk": 56, 
    "model": "taggit.taggeditem", 
    "fields": {
        "tag": 18, 
        "content_type": [
            "socialnet", 
            "data"
        ], 
        "object_id": 15
    }
},
{
    "pk": 57, 
    "model": "taggit.taggeditem", 
    "fields": {
        "tag": 4, 
        "content_type": [
            "socialnet", 
            "data"
        ], 
        "object_id": 15
    }
},
{
    "pk": 58, 
    "model": "taggit.taggeditem", 
    "fields": {
        "tag": 18, 
        "content_type": [
            "socialnet", 
            "data"
        ], 
        "object_id": 16
    }
},
{
    "pk": 59, 
    "model": "taggit.taggeditem", 
    "fields": {
        "tag": 4, 
        "content_type": [
            "socialnet", 
            "data"
        ], 
        "object_id": 16
    }
},
{
    "pk": 60, 
    "model": "taggit.taggeditem", 
    "fields": {
        "tag": 19, 
        "content_type": [
            "socialnet", 
            "data"
        ], 
        "object_id": 17
    }
},
{
    "pk": 61, 
    "model": "taggit.taggeditem", 
    "fields": {
        "tag": 4, 
        "content_type": [
            "socialnet", 
            "data"
        ], 
        "object_id": 17
    }
},
{
    "pk": 62, 
    "model": "taggit.taggeditem", 
    "fields": {
        "tag": 19, 
        "content_type": [
            "socialnet", 
            "data"
        ], 
        "object_id": 18
    }
},
{
    "pk": 63, 
    "model": "taggit.taggeditem", 
    "fields": {
        "tag": 4, 
        "content_type": [
            "socialnet", 
            "data"
        ], 
        "object_id": 18
    }
},
{
    "pk": 64, 
    "model": "taggit.taggeditem", 
    "fields": {
        "tag": 19, 
        "content_type": [
            "socialnet", 
            "data"
        ], 
        "object_id": 19
    }
},
{
    "pk": 65, 
    "model": "taggit.taggeditem", 
    "fields": {
        "tag": 4, 
        "content_type": [
            "socialnet", 
            "data"
        ], 
        "object_id": 19
    }
},
{
    "pk": 66, 
    "model": "taggit.taggeditem", 
    "fields": {
        "tag": 20, 
        "content_type": [
            "socialnet", 
            "host"
        ], 
        "object_id": 8
    }
},
{
    "pk": 67, 
    "model": "taggit.taggeditem", 
    "fields": {
        "tag": 21, 
        "content_type": [
            "socialnet", 
            "host"
        ], 
        "object_id": 9
    }
},
{
    "pk": 68, 
    "model": "taggit.taggeditem", 
    "fields": {
        "tag": 22, 
        "content_type": [
            "socialnet", 
            "location"
        ], 
        "object_id": 5
    }
},
{
    "pk": 70, 
    "model": "taggit.taggeditem", 
    "fields": {
        "tag": 20, 
        "content_type": [
            "socialnet", 
            "host"
        ], 
        "object_id": 11
    }
},
{
    "pk": 71, 
    "model": "taggit.taggeditem", 
    "fields": {
        "tag": 21, 
        "content_type": [
            "socialnet", 
            "host"
        ], 
        "object_id": 11
    }
},
{
    "pk": 72, 
    "model": "taggit.taggeditem", 
    "fields": {
        "tag": 22, 
        "content_type": [
            "socialnet", 
            "host"
        ], 
        "object_id": 11
    }
},
{
    "pk": 73, 
    "model": "taggit.taggeditem", 
    "fields": {
        "tag": 22, 
        "content_type": [
            "socialnet", 
            "host"
        ], 
        "object_id": 10
    }
},
{
    "pk": 74, 
    "model": "taggit.taggeditem", 
    "fields": {
        "tag": 23, 
        "content_type": [
            "socialnet", 
            "project"
        ], 
        "object_id": 3
    }
},
{
    "pk": 75, 
    "model": "taggit.taggeditem", 
    "fields": {
        "tag": 17, 
        "content_type": [
            "socialnet", 
            "analysis"
        ], 
        "object_id": 1
    }
},
{
    "pk": 76, 
    "model": "taggit.taggeditem", 
    "fields": {
        "tag": 4, 
        "content_type": [
            "socialnet", 
            "analysis"
        ], 
        "object_id": 1
    }
},
{
    "pk": 1, 
    "model": "auth.permission", 
    "fields": {
        "codename": "add_permission", 
        "name": "Can add permission", 
        "content_type": [
            "auth", 
            "permission"
        ]
    }
},
{
    "pk": 2, 
    "model": "auth.permission", 
    "fields": {
        "codename": "change_permission", 
        "name": "Can change permission", 
        "content_type": [
            "auth", 
            "permission"
        ]
    }
},
{
    "pk": 3, 
    "model": "auth.permission", 
    "fields": {
        "codename": "delete_permission", 
        "name": "Can delete permission", 
        "content_type": [
            "auth", 
            "permission"
        ]
    }
},
{
    "pk": 4, 
    "model": "auth.permission", 
    "fields": {
        "codename": "add_group", 
        "name": "Can add group", 
        "content_type": [
            "auth", 
            "group"
        ]
    }
},
{
    "pk": 5, 
    "model": "auth.permission", 
    "fields": {
        "codename": "change_group", 
        "name": "Can change group", 
        "content_type": [
            "auth", 
            "group"
        ]
    }
},
{
    "pk": 6, 
    "model": "auth.permission", 
    "fields": {
        "codename": "delete_group", 
        "name": "Can delete group", 
        "content_type": [
            "auth", 
            "group"
        ]
    }
},
{
    "pk": 7, 
    "model": "auth.permission", 
    "fields": {
        "codename": "add_user", 
        "name": "Can add user", 
        "content_type": [
            "auth", 
            "user"
        ]
    }
},
{
    "pk": 8, 
    "model": "auth.permission", 
    "fields": {
        "codename": "change_user", 
        "name": "Can change user", 
        "content_type": [
            "auth", 
            "user"
        ]
    }
},
{
    "pk": 9, 
    "model": "auth.permission", 
    "fields": {
        "codename": "delete_user", 
        "name": "Can delete user", 
        "content_type": [
            "auth", 
            "user"
        ]
    }
},
{
    "pk": 10, 
    "model": "auth.permission", 
    "fields": {
        "codename": "add_contenttype", 
        "name": "Can add content type", 
        "content_type": [
            "contenttypes", 
            "contenttype"
        ]
    }
},
{
    "pk": 11, 
    "model": "auth.permission", 
    "fields": {
        "codename": "change_contenttype", 
        "name": "Can change content type", 
        "content_type": [
            "contenttypes", 
            "contenttype"
        ]
    }
},
{
    "pk": 12, 
    "model": "auth.permission", 
    "fields": {
        "codename": "delete_contenttype", 
        "name": "Can delete content type", 
        "content_type": [
            "contenttypes", 
            "contenttype"
        ]
    }
},
{
    "pk": 13, 
    "model": "auth.permission", 
    "fields": {
        "codename": "add_session", 
        "name": "Can add session", 
        "content_type": [
            "sessions", 
            "session"
        ]
    }
},
{
    "pk": 14, 
    "model": "auth.permission", 
    "fields": {
        "codename": "change_session", 
        "name": "Can change session", 
        "content_type": [
            "sessions", 
            "session"
        ]
    }
},
{
    "pk": 15, 
    "model": "auth.permission", 
    "fields": {
        "codename": "delete_session", 
        "name": "Can delete session", 
        "content_type": [
            "sessions", 
            "session"
        ]
    }
},
{
    "pk": 16, 
    "model": "auth.permission", 
    "fields": {
        "codename": "add_site", 
        "name": "Can add site", 
        "content_type": [
            "sites", 
            "site"
        ]
    }
},
{
    "pk": 17, 
    "model": "auth.permission", 
    "fields": {
        "codename": "change_site", 
        "name": "Can change site", 
        "content_type": [
            "sites", 
            "site"
        ]
    }
},
{
    "pk": 18, 
    "model": "auth.permission", 
    "fields": {
        "codename": "delete_site", 
        "name": "Can delete site", 
        "content_type": [
            "sites", 
            "site"
        ]
    }
},
{
    "pk": 19, 
    "model": "auth.permission", 
    "fields": {
        "codename": "add_logentry", 
        "name": "Can add log entry", 
        "content_type": [
            "admin", 
            "logentry"
        ]
    }
},
{
    "pk": 20, 
    "model": "auth.permission", 
    "fields": {
        "codename": "change_logentry", 
        "name": "Can change log entry", 
        "content_type": [
            "admin", 
            "logentry"
        ]
    }
},
{
    "pk": 21, 
    "model": "auth.permission", 
    "fields": {
        "codename": "delete_logentry", 
        "name": "Can delete log entry", 
        "content_type": [
            "admin", 
            "logentry"
        ]
    }
},
{
    "pk": 22, 
    "model": "auth.permission", 
    "fields": {
        "codename": "add_analysis", 
        "name": "Can add analysis", 
        "content_type": [
            "socialnet", 
            "analysis"
        ]
    }
},
{
    "pk": 23, 
    "model": "auth.permission", 
    "fields": {
        "codename": "change_analysis", 
        "name": "Can change analysis", 
        "content_type": [
            "socialnet", 
            "analysis"
        ]
    }
},
{
    "pk": 24, 
    "model": "auth.permission", 
    "fields": {
        "codename": "delete_analysis", 
        "name": "Can delete analysis", 
        "content_type": [
            "socialnet", 
            "analysis"
        ]
    }
},
{
    "pk": 25, 
    "model": "auth.permission", 
    "fields": {
        "codename": "add_dataset", 
        "name": "Can add data set", 
        "content_type": [
            "socialnet", 
            "dataset"
        ]
    }
},
{
    "pk": 26, 
    "model": "auth.permission", 
    "fields": {
        "codename": "change_dataset", 
        "name": "Can change data set", 
        "content_type": [
            "socialnet", 
            "dataset"
        ]
    }
},
{
    "pk": 27, 
    "model": "auth.permission", 
    "fields": {
        "codename": "delete_dataset", 
        "name": "Can delete data set", 
        "content_type": [
            "socialnet", 
            "dataset"
        ]
    }
},
{
    "pk": 28, 
    "model": "auth.permission", 
    "fields": {
        "codename": "add_data", 
        "name": "Can add data", 
        "content_type": [
            "socialnet", 
            "data"
        ]
    }
},
{
    "pk": 29, 
    "model": "auth.permission", 
    "fields": {
        "codename": "change_data", 
        "name": "Can change data", 
        "content_type": [
            "socialnet", 
            "data"
        ]
    }
},
{
    "pk": 30, 
    "model": "auth.permission", 
    "fields": {
        "codename": "delete_data", 
        "name": "Can delete data", 
        "content_type": [
            "socialnet", 
            "data"
        ]
    }
},
{
    "pk": 31, 
    "model": "auth.permission", 
    "fields": {
        "codename": "add_host", 
        "name": "Can add host", 
        "content_type": [
            "socialnet", 
            "host"
        ]
    }
},
{
    "pk": 32, 
    "model": "auth.permission", 
    "fields": {
        "codename": "change_host", 
        "name": "Can change host", 
        "content_type": [
            "socialnet", 
            "host"
        ]
    }
},
{
    "pk": 33, 
    "model": "auth.permission", 
    "fields": {
        "codename": "delete_host", 
        "name": "Can delete host", 
        "content_type": [
            "socialnet", 
            "host"
        ]
    }
},
{
    "pk": 34, 
    "model": "auth.permission", 
    "fields": {
        "codename": "add_location", 
        "name": "Can add location", 
        "content_type": [
            "socialnet", 
            "location"
        ]
    }
},
{
    "pk": 35, 
    "model": "auth.permission", 
    "fields": {
        "codename": "change_location", 
        "name": "Can change location", 
        "content_type": [
            "socialnet", 
            "location"
        ]
    }
},
{
    "pk": 36, 
    "model": "auth.permission", 
    "fields": {
        "codename": "delete_location", 
        "name": "Can delete location", 
        "content_type": [
            "socialnet", 
            "location"
        ]
    }
},
{
    "pk": 37, 
    "model": "auth.permission", 
    "fields": {
        "codename": "add_project", 
        "name": "Can add project", 
        "content_type": [
            "socialnet", 
            "project"
        ]
    }
},
{
    "pk": 38, 
    "model": "auth.permission", 
    "fields": {
        "codename": "change_project", 
        "name": "Can change project", 
        "content_type": [
            "socialnet", 
            "project"
        ]
    }
},
{
    "pk": 39, 
    "model": "auth.permission", 
    "fields": {
        "codename": "delete_project", 
        "name": "Can delete project", 
        "content_type": [
            "socialnet", 
            "project"
        ]
    }
},
{
    "pk": 40, 
    "model": "auth.permission", 
    "fields": {
        "codename": "add_userprofile", 
        "name": "Can add user profile", 
        "content_type": [
            "socialnet", 
            "userprofile"
        ]
    }
},
{
    "pk": 41, 
    "model": "auth.permission", 
    "fields": {
        "codename": "change_userprofile", 
        "name": "Can change user profile", 
        "content_type": [
            "socialnet", 
            "userprofile"
        ]
    }
},
{
    "pk": 42, 
    "model": "auth.permission", 
    "fields": {
        "codename": "delete_userprofile", 
        "name": "Can delete user profile", 
        "content_type": [
            "socialnet", 
            "userprofile"
        ]
    }
},
{
    "pk": 43, 
    "model": "auth.permission", 
    "fields": {
        "codename": "add_usersocialauth", 
        "name": "Can add user social auth", 
        "content_type": [
            "default", 
            "usersocialauth"
        ]
    }
},
{
    "pk": 44, 
    "model": "auth.permission", 
    "fields": {
        "codename": "change_usersocialauth", 
        "name": "Can change user social auth", 
        "content_type": [
            "default", 
            "usersocialauth"
        ]
    }
},
{
    "pk": 45, 
    "model": "auth.permission", 
    "fields": {
        "codename": "delete_usersocialauth", 
        "name": "Can delete user social auth", 
        "content_type": [
            "default", 
            "usersocialauth"
        ]
    }
},
{
    "pk": 46, 
    "model": "auth.permission", 
    "fields": {
        "codename": "add_nonce", 
        "name": "Can add nonce", 
        "content_type": [
            "default", 
            "nonce"
        ]
    }
},
{
    "pk": 47, 
    "model": "auth.permission", 
    "fields": {
        "codename": "change_nonce", 
        "name": "Can change nonce", 
        "content_type": [
            "default", 
            "nonce"
        ]
    }
},
{
    "pk": 48, 
    "model": "auth.permission", 
    "fields": {
        "codename": "delete_nonce", 
        "name": "Can delete nonce", 
        "content_type": [
            "default", 
            "nonce"
        ]
    }
},
{
    "pk": 49, 
    "model": "auth.permission", 
    "fields": {
        "codename": "add_association", 
        "name": "Can add association", 
        "content_type": [
            "default", 
            "association"
        ]
    }
},
{
    "pk": 50, 
    "model": "auth.permission", 
    "fields": {
        "codename": "change_association", 
        "name": "Can change association", 
        "content_type": [
            "default", 
            "association"
        ]
    }
},
{
    "pk": 51, 
    "model": "auth.permission", 
    "fields": {
        "codename": "delete_association", 
        "name": "Can delete association", 
        "content_type": [
            "default", 
            "association"
        ]
    }
},
{
    "pk": 52, 
    "model": "auth.permission", 
    "fields": {
        "codename": "add_code", 
        "name": "Can add code", 
        "content_type": [
            "default", 
            "code"
        ]
    }
},
{
    "pk": 53, 
    "model": "auth.permission", 
    "fields": {
        "codename": "change_code", 
        "name": "Can change code", 
        "content_type": [
            "default", 
            "code"
        ]
    }
},
{
    "pk": 54, 
    "model": "auth.permission", 
    "fields": {
        "codename": "delete_code", 
        "name": "Can delete code", 
        "content_type": [
            "default", 
            "code"
        ]
    }
},
{
    "pk": 55, 
    "model": "auth.permission", 
    "fields": {
        "codename": "add_taggeditem", 
        "name": "Can add Tagged Item", 
        "content_type": [
            "taggit", 
            "taggeditem"
        ]
    }
},
{
    "pk": 56, 
    "model": "auth.permission", 
    "fields": {
        "codename": "change_taggeditem", 
        "name": "Can change Tagged Item", 
        "content_type": [
            "taggit", 
            "taggeditem"
        ]
    }
},
{
    "pk": 57, 
    "model": "auth.permission", 
    "fields": {
        "codename": "delete_taggeditem", 
        "name": "Can delete Tagged Item", 
        "content_type": [
            "taggit", 
            "taggeditem"
        ]
    }
},
{
    "pk": 1, 
    "model": "auth.user", 
    "fields": {
        "username": "fstakem", 
        "first_name": "Fredrick", 
        "last_name": "Stakem", 
        "is_active": true, 
        "is_superuser": true, 
        "is_staff": true, 
        "last_login": "2014-01-07T14:51:07Z", 
        "groups": [], 
        "user_permissions": [], 
        "password": "pbkdf2_sha256$10000$LLkgxtQAiEPN$iAneUYmPU+l4buW8P7+T2pZX6rfm28fiqf6gF3BuvbY=", 
        "email": "fstakem@work.com", 
        "date_joined": "2014-01-07T14:50:46Z"
    }
},
{
    "pk": 2, 
    "model": "auth.user", 
    "fields": {
        "username": "ssuder", 
        "first_name": "Samantha", 
        "last_name": "Suder", 
        "is_active": true, 
        "is_superuser": true, 
        "is_staff": true, 
        "last_login": "2014-01-07T14:51:46Z", 
        "groups": [], 
        "user_permissions": [], 
        "password": "pbkdf2_sha256$10000$GiHAHIT3ZuYQ$va5gAWbpWlR7zEIJU6W1v116PZ6Xr9DdZZGNLnjvrbg=", 
        "email": "ssuder@work.com", 
        "date_joined": "2014-01-07T14:51:46Z"
    }
},
{
    "pk": 3, 
    "model": "auth.user", 
    "fields": {
        "username": "lildog", 
        "first_name": "Max", 
        "last_name": "Suder", 
        "is_active": true, 
        "is_superuser": true, 
        "is_staff": true, 
        "last_login": "2014-01-07T14:52:13Z", 
        "groups": [], 
        "user_permissions": [], 
        "password": "pbkdf2_sha256$10000$No2psbfRt4hv$9XJeYscHxTdLSOJqhSNmcisLntr3deDQMQFgqLC3FH8=", 
        "email": "lildog@work.com", 
        "date_joined": "2014-01-07T14:52:13Z"
    }
},
{
    "pk": 4, 
    "model": "auth.user", 
    "fields": {
        "username": "murdog", 
        "first_name": "Murphy", 
        "last_name": "Stakem", 
        "is_active": true, 
        "is_superuser": true, 
        "is_staff": true, 
        "last_login": "2014-01-07T14:52:55Z", 
        "groups": [], 
        "user_permissions": [], 
        "password": "pbkdf2_sha256$10000$6Nyefyekboo5$YCvXcS3U+2WHmFMQqBcrVbTeeqw+yCMoueiD5iizVvc=", 
        "email": "murdog@work.com", 
        "date_joined": "2014-01-07T14:52:55Z"
    }
},
{
    "pk": 5, 
    "model": "auth.user", 
    "fields": {
        "username": "bentdog", 
        "first_name": "Bently", 
        "last_name": "Stakem", 
        "is_active": true, 
        "is_superuser": true, 
        "is_staff": true, 
        "last_login": "2014-01-07T14:53:27Z", 
        "groups": [], 
        "user_permissions": [], 
        "password": "pbkdf2_sha256$10000$LuzIq4SK8THd$49yevTIvo4YFmRW/LNgkk0GyKucXAKjW2A/+NiZT8g4=", 
        "email": "bentdog@work.com", 
        "date_joined": "2014-01-07T14:53:27Z"
    }
},
{
    "pk": 1, 
    "model": "admin.logentry", 
    "fields": {
        "action_flag": 2, 
        "action_time": "2014-01-07T14:51:34.851Z", 
        "object_repr": "fstakem", 
        "object_id": "1", 
        "change_message": "Changed password, first_name and last_name.", 
        "user": [
            "fstakem"
        ], 
        "content_type": [
            "auth", 
            "user"
        ]
    }
},
{
    "pk": 2, 
    "model": "admin.logentry", 
    "fields": {
        "action_flag": 1, 
        "action_time": "2014-01-07T14:51:46.588Z", 
        "object_repr": "ssuder", 
        "object_id": "2", 
        "change_message": "", 
        "user": [
            "fstakem"
        ], 
        "content_type": [
            "auth", 
            "user"
        ]
    }
},
{
    "pk": 3, 
    "model": "admin.logentry", 
    "fields": {
        "action_flag": 2, 
        "action_time": "2014-01-07T14:52:02.895Z", 
        "object_repr": "ssuder", 
        "object_id": "2", 
        "change_message": "Changed password, first_name, last_name, email, is_staff and is_superuser.", 
        "user": [
            "fstakem"
        ], 
        "content_type": [
            "auth", 
            "user"
        ]
    }
},
{
    "pk": 4, 
    "model": "admin.logentry", 
    "fields": {
        "action_flag": 1, 
        "action_time": "2014-01-07T14:52:14.076Z", 
        "object_repr": "lildog", 
        "object_id": "3", 
        "change_message": "", 
        "user": [
            "fstakem"
        ], 
        "content_type": [
            "auth", 
            "user"
        ]
    }
},
{
    "pk": 5, 
    "model": "admin.logentry", 
    "fields": {
        "action_flag": 2, 
        "action_time": "2014-01-07T14:52:31.681Z", 
        "object_repr": "lildog", 
        "object_id": "3", 
        "change_message": "Changed password, first_name, last_name, email, is_staff and is_superuser.", 
        "user": [
            "fstakem"
        ], 
        "content_type": [
            "auth", 
            "user"
        ]
    }
},
{
    "pk": 6, 
    "model": "admin.logentry", 
    "fields": {
        "action_flag": 1, 
        "action_time": "2014-01-07T14:52:56.092Z", 
        "object_repr": "murdog", 
        "object_id": "4", 
        "change_message": "", 
        "user": [
            "fstakem"
        ], 
        "content_type": [
            "auth", 
            "user"
        ]
    }
},
{
    "pk": 7, 
    "model": "admin.logentry", 
    "fields": {
        "action_flag": 2, 
        "action_time": "2014-01-07T14:53:14.640Z", 
        "object_repr": "murdog", 
        "object_id": "4", 
        "change_message": "Changed password, first_name, last_name, email, is_staff and is_superuser.", 
        "user": [
            "fstakem"
        ], 
        "content_type": [
            "auth", 
            "user"
        ]
    }
},
{
    "pk": 8, 
    "model": "admin.logentry", 
    "fields": {
        "action_flag": 1, 
        "action_time": "2014-01-07T14:53:27.314Z", 
        "object_repr": "bentdog", 
        "object_id": "5", 
        "change_message": "", 
        "user": [
            "fstakem"
        ], 
        "content_type": [
            "auth", 
            "user"
        ]
    }
},
{
    "pk": 9, 
    "model": "admin.logentry", 
    "fields": {
        "action_flag": 2, 
        "action_time": "2014-01-07T14:53:53.459Z", 
        "object_repr": "bentdog", 
        "object_id": "5", 
        "change_message": "Changed password, first_name, last_name, email, is_staff and is_superuser.", 
        "user": [
            "fstakem"
        ], 
        "content_type": [
            "auth", 
            "user"
        ]
    }
},
{
    "pk": 10, 
    "model": "admin.logentry", 
    "fields": {
        "action_flag": 1, 
        "action_time": "2014-01-08T13:26:29.639Z", 
        "object_repr": "Atl (Atlanta)", 
        "object_id": "1", 
        "change_message": "", 
        "user": [
            "fstakem"
        ], 
        "content_type": [
            "socialnet", 
            "location"
        ]
    }
},
{
    "pk": 11, 
    "model": "admin.logentry", 
    "fields": {
        "action_flag": 1, 
        "action_time": "2014-01-08T13:26:42.417Z", 
        "object_repr": "fstakem", 
        "object_id": "1", 
        "change_message": "", 
        "user": [
            "fstakem"
        ], 
        "content_type": [
            "socialnet", 
            "userprofile"
        ]
    }
},
{
    "pk": 12, 
    "model": "admin.logentry", 
    "fields": {
        "action_flag": 1, 
        "action_time": "2014-01-08T13:27:26.937Z", 
        "object_repr": "ssuder", 
        "object_id": "2", 
        "change_message": "", 
        "user": [
            "fstakem"
        ], 
        "content_type": [
            "socialnet", 
            "userprofile"
        ]
    }
},
{
    "pk": 13, 
    "model": "admin.logentry", 
    "fields": {
        "action_flag": 1, 
        "action_time": "2014-01-08T13:28:24.146Z", 
        "object_repr": "lildog", 
        "object_id": "3", 
        "change_message": "", 
        "user": [
            "fstakem"
        ], 
        "content_type": [
            "socialnet", 
            "userprofile"
        ]
    }
},
{
    "pk": 14, 
    "model": "admin.logentry", 
    "fields": {
        "action_flag": 1, 
        "action_time": "2014-01-08T13:30:04.158Z", 
        "object_repr": "Moms House (St Augustine)", 
        "object_id": "2", 
        "change_message": "", 
        "user": [
            "fstakem"
        ], 
        "content_type": [
            "socialnet", 
            "location"
        ]
    }
},
{
    "pk": 15, 
    "model": "admin.logentry", 
    "fields": {
        "action_flag": 1, 
        "action_time": "2014-01-08T13:30:15.095Z", 
        "object_repr": "murdog", 
        "object_id": "4", 
        "change_message": "", 
        "user": [
            "fstakem"
        ], 
        "content_type": [
            "socialnet", 
            "userprofile"
        ]
    }
},
{
    "pk": 16, 
    "model": "admin.logentry", 
    "fields": {
        "action_flag": 1, 
        "action_time": "2014-01-08T13:31:01.498Z", 
        "object_repr": "bentdog", 
        "object_id": "5", 
        "change_message": "", 
        "user": [
            "fstakem"
        ], 
        "content_type": [
            "socialnet", 
            "userprofile"
        ]
    }
},
{
    "pk": 17, 
    "model": "admin.logentry", 
    "fields": {
        "action_flag": 1, 
        "action_time": "2014-01-08T13:34:20.797Z", 
        "object_repr": "Bobby Dodd (Atlanta)", 
        "object_id": "3", 
        "change_message": "", 
        "user": [
            "fstakem"
        ], 
        "content_type": [
            "socialnet", 
            "location"
        ]
    }
},
{
    "pk": 18, 
    "model": "admin.logentry", 
    "fields": {
        "action_flag": 1, 
        "action_time": "2014-01-08T13:34:25.523Z", 
        "object_repr": "AA Server", 
        "object_id": "1", 
        "change_message": "", 
        "user": [
            "fstakem"
        ], 
        "content_type": [
            "socialnet", 
            "host"
        ]
    }
},
{
    "pk": 19, 
    "model": "admin.logentry", 
    "fields": {
        "action_flag": 1, 
        "action_time": "2014-01-08T13:34:50.935Z", 
        "object_repr": "AA Simulation Comp 1", 
        "object_id": "2", 
        "change_message": "", 
        "user": [
            "fstakem"
        ], 
        "content_type": [
            "socialnet", 
            "host"
        ]
    }
},
{
    "pk": 20, 
    "model": "admin.logentry", 
    "fields": {
        "action_flag": 1, 
        "action_time": "2014-01-08T13:35:03.614Z", 
        "object_repr": "AA Simulation Comp 2", 
        "object_id": "3", 
        "change_message": "", 
        "user": [
            "fstakem"
        ], 
        "content_type": [
            "socialnet", 
            "host"
        ]
    }
},
{
    "pk": 21, 
    "model": "admin.logentry", 
    "fields": {
        "action_flag": 1, 
        "action_time": "2014-01-08T13:35:14.309Z", 
        "object_repr": "AA Simulation Comp 3", 
        "object_id": "4", 
        "change_message": "", 
        "user": [
            "fstakem"
        ], 
        "content_type": [
            "socialnet", 
            "host"
        ]
    }
},
{
    "pk": 22, 
    "model": "admin.logentry", 
    "fields": {
        "action_flag": 1, 
        "action_time": "2014-01-08T13:35:34.289Z", 
        "object_repr": "Paul Johnson Laptop", 
        "object_id": "5", 
        "change_message": "", 
        "user": [
            "fstakem"
        ], 
        "content_type": [
            "socialnet", 
            "host"
        ]
    }
},
{
    "pk": 23, 
    "model": "admin.logentry", 
    "fields": {
        "action_flag": 1, 
        "action_time": "2014-01-08T13:35:36.893Z", 
        "object_repr": "GaTech_Football", 
        "object_id": "1", 
        "change_message": "", 
        "user": [
            "fstakem"
        ], 
        "content_type": [
            "socialnet", 
            "project"
        ]
    }
},
{
    "pk": 24, 
    "model": "admin.logentry", 
    "fields": {
        "action_flag": 1, 
        "action_time": "2014-01-08T13:36:31.107Z", 
        "object_repr": "The Hill (Atlanta)", 
        "object_id": "4", 
        "change_message": "", 
        "user": [
            "fstakem"
        ], 
        "content_type": [
            "socialnet", 
            "location"
        ]
    }
},
{
    "pk": 25, 
    "model": "admin.logentry", 
    "fields": {
        "action_flag": 1, 
        "action_time": "2014-01-08T13:36:34.007Z", 
        "object_repr": "Hill Server", 
        "object_id": "6", 
        "change_message": "", 
        "user": [
            "fstakem"
        ], 
        "content_type": [
            "socialnet", 
            "host"
        ]
    }
},
{
    "pk": 26, 
    "model": "admin.logentry", 
    "fields": {
        "action_flag": 1, 
        "action_time": "2014-01-08T13:36:53.847Z", 
        "object_repr": "Presidents Computer", 
        "object_id": "7", 
        "change_message": "", 
        "user": [
            "fstakem"
        ], 
        "content_type": [
            "socialnet", 
            "host"
        ]
    }
},
{
    "pk": 27, 
    "model": "admin.logentry", 
    "fields": {
        "action_flag": 2, 
        "action_time": "2014-01-08T13:36:57.730Z", 
        "object_repr": "GaTech_Football", 
        "object_id": "1", 
        "change_message": "Changed tags and host.", 
        "user": [
            "fstakem"
        ], 
        "content_type": [
            "socialnet", 
            "project"
        ]
    }
},
{
    "pk": 28, 
    "model": "admin.logentry", 
    "fields": {
        "action_flag": 1, 
        "action_time": "2014-01-08T13:38:41.814Z", 
        "object_repr": "Game 1 Sim 1", 
        "object_id": "1", 
        "change_message": "", 
        "user": [
            "fstakem"
        ], 
        "content_type": [
            "socialnet", 
            "data"
        ]
    }
},
{
    "pk": 29, 
    "model": "admin.logentry", 
    "fields": {
        "action_flag": 1, 
        "action_time": "2014-01-08T13:39:21.784Z", 
        "object_repr": "Game 1 Sim 2", 
        "object_id": "2", 
        "change_message": "", 
        "user": [
            "fstakem"
        ], 
        "content_type": [
            "socialnet", 
            "data"
        ]
    }
},
{
    "pk": 30, 
    "model": "admin.logentry", 
    "fields": {
        "action_flag": 1, 
        "action_time": "2014-01-08T13:39:55.742Z", 
        "object_repr": "Game 1 Sim 3", 
        "object_id": "3", 
        "change_message": "", 
        "user": [
            "fstakem"
        ], 
        "content_type": [
            "socialnet", 
            "data"
        ]
    }
},
{
    "pk": 31, 
    "model": "admin.logentry", 
    "fields": {
        "action_flag": 1, 
        "action_time": "2014-01-08T13:55:52.098Z", 
        "object_repr": "Game 1 Stats", 
        "object_id": "4", 
        "change_message": "", 
        "user": [
            "fstakem"
        ], 
        "content_type": [
            "socialnet", 
            "data"
        ]
    }
},
{
    "pk": 32, 
    "model": "admin.logentry", 
    "fields": {
        "action_flag": 1, 
        "action_time": "2014-01-08T13:56:38.753Z", 
        "object_repr": "Game 1 Gameplan 1", 
        "object_id": "5", 
        "change_message": "", 
        "user": [
            "fstakem"
        ], 
        "content_type": [
            "socialnet", 
            "data"
        ]
    }
},
{
    "pk": 33, 
    "model": "admin.logentry", 
    "fields": {
        "action_flag": 1, 
        "action_time": "2014-01-08T14:03:38.696Z", 
        "object_repr": "Game 1 Watching", 
        "object_id": "6", 
        "change_message": "", 
        "user": [
            "fstakem"
        ], 
        "content_type": [
            "socialnet", 
            "data"
        ]
    }
},
{
    "pk": 34, 
    "model": "admin.logentry", 
    "fields": {
        "action_flag": 1, 
        "action_time": "2014-01-08T14:04:44.762Z", 
        "object_repr": "Game 1 Sim 4", 
        "object_id": "7", 
        "change_message": "", 
        "user": [
            "fstakem"
        ], 
        "content_type": [
            "socialnet", 
            "data"
        ]
    }
},
{
    "pk": 35, 
    "model": "admin.logentry", 
    "fields": {
        "action_flag": 1, 
        "action_time": "2014-01-08T14:05:18.476Z", 
        "object_repr": "Game 1 Sim 5", 
        "object_id": "8", 
        "change_message": "", 
        "user": [
            "fstakem"
        ], 
        "content_type": [
            "socialnet", 
            "data"
        ]
    }
},
{
    "pk": 36, 
    "model": "admin.logentry", 
    "fields": {
        "action_flag": 1, 
        "action_time": "2014-01-08T14:05:50.240Z", 
        "object_repr": "Game 1 Sim 6", 
        "object_id": "9", 
        "change_message": "", 
        "user": [
            "fstakem"
        ], 
        "content_type": [
            "socialnet", 
            "data"
        ]
    }
},
{
    "pk": 37, 
    "model": "admin.logentry", 
    "fields": {
        "action_flag": 1, 
        "action_time": "2014-01-08T14:08:49.956Z", 
        "object_repr": "Game 1 Sim 7", 
        "object_id": "10", 
        "change_message": "", 
        "user": [
            "fstakem"
        ], 
        "content_type": [
            "socialnet", 
            "data"
        ]
    }
},
{
    "pk": 38, 
    "model": "admin.logentry", 
    "fields": {
        "action_flag": 1, 
        "action_time": "2014-01-08T14:09:44.280Z", 
        "object_repr": "Game 1 Sim 8", 
        "object_id": "11", 
        "change_message": "", 
        "user": [
            "fstakem"
        ], 
        "content_type": [
            "socialnet", 
            "data"
        ]
    }
},
{
    "pk": 39, 
    "model": "admin.logentry", 
    "fields": {
        "action_flag": 1, 
        "action_time": "2014-01-08T14:10:30.075Z", 
        "object_repr": "Game 1 Sim 9", 
        "object_id": "12", 
        "change_message": "", 
        "user": [
            "fstakem"
        ], 
        "content_type": [
            "socialnet", 
            "data"
        ]
    }
},
{
    "pk": 40, 
    "model": "admin.logentry", 
    "fields": {
        "action_flag": 1, 
        "action_time": "2014-01-08T14:14:48.973Z", 
        "object_repr": "Game 1 Gameplan 2", 
        "object_id": "13", 
        "change_message": "", 
        "user": [
            "fstakem"
        ], 
        "content_type": [
            "socialnet", 
            "data"
        ]
    }
},
{
    "pk": 41, 
    "model": "admin.logentry", 
    "fields": {
        "action_flag": 2, 
        "action_time": "2014-01-08T14:16:46.773Z", 
        "object_repr": "Game 1 Gameplan 2", 
        "object_id": "13", 
        "change_message": "Changed tags.", 
        "user": [
            "fstakem"
        ], 
        "content_type": [
            "socialnet", 
            "data"
        ]
    }
},
{
    "pk": 42, 
    "model": "admin.logentry", 
    "fields": {
        "action_flag": 2, 
        "action_time": "2014-01-08T14:16:53.997Z", 
        "object_repr": "Game 1 Sim 1", 
        "object_id": "1", 
        "change_message": "Changed tags.", 
        "user": [
            "fstakem"
        ], 
        "content_type": [
            "socialnet", 
            "data"
        ]
    }
},
{
    "pk": 43, 
    "model": "admin.logentry", 
    "fields": {
        "action_flag": 2, 
        "action_time": "2014-01-08T14:17:00.321Z", 
        "object_repr": "Game 1 Sim 2", 
        "object_id": "2", 
        "change_message": "Changed tags.", 
        "user": [
            "fstakem"
        ], 
        "content_type": [
            "socialnet", 
            "data"
        ]
    }
},
{
    "pk": 44, 
    "model": "admin.logentry", 
    "fields": {
        "action_flag": 2, 
        "action_time": "2014-01-08T14:17:08.221Z", 
        "object_repr": "Game 1 Sim 3", 
        "object_id": "3", 
        "change_message": "Changed tags.", 
        "user": [
            "fstakem"
        ], 
        "content_type": [
            "socialnet", 
            "data"
        ]
    }
},
{
    "pk": 45, 
    "model": "admin.logentry", 
    "fields": {
        "action_flag": 2, 
        "action_time": "2014-01-08T14:17:14.008Z", 
        "object_repr": "Game 1 Stats", 
        "object_id": "4", 
        "change_message": "Changed tags.", 
        "user": [
            "fstakem"
        ], 
        "content_type": [
            "socialnet", 
            "data"
        ]
    }
},
{
    "pk": 46, 
    "model": "admin.logentry", 
    "fields": {
        "action_flag": 2, 
        "action_time": "2014-01-08T14:17:21.027Z", 
        "object_repr": "Game 1 Sim 4", 
        "object_id": "7", 
        "change_message": "Changed tags.", 
        "user": [
            "fstakem"
        ], 
        "content_type": [
            "socialnet", 
            "data"
        ]
    }
},
{
    "pk": 47, 
    "model": "admin.logentry", 
    "fields": {
        "action_flag": 2, 
        "action_time": "2014-01-08T14:17:28.744Z", 
        "object_repr": "Game 1 Sim 5", 
        "object_id": "8", 
        "change_message": "Changed tags.", 
        "user": [
            "fstakem"
        ], 
        "content_type": [
            "socialnet", 
            "data"
        ]
    }
},
{
    "pk": 48, 
    "model": "admin.logentry", 
    "fields": {
        "action_flag": 2, 
        "action_time": "2014-01-08T14:17:36.043Z", 
        "object_repr": "Game 1 Sim 6", 
        "object_id": "9", 
        "change_message": "Changed tags.", 
        "user": [
            "fstakem"
        ], 
        "content_type": [
            "socialnet", 
            "data"
        ]
    }
},
{
    "pk": 49, 
    "model": "admin.logentry", 
    "fields": {
        "action_flag": 2, 
        "action_time": "2014-01-08T14:17:43.223Z", 
        "object_repr": "Game 1 Sim 7", 
        "object_id": "10", 
        "change_message": "Changed tags.", 
        "user": [
            "fstakem"
        ], 
        "content_type": [
            "socialnet", 
            "data"
        ]
    }
},
{
    "pk": 50, 
    "model": "admin.logentry", 
    "fields": {
        "action_flag": 2, 
        "action_time": "2014-01-08T14:17:50.090Z", 
        "object_repr": "Game 1 Sim 8", 
        "object_id": "11", 
        "change_message": "Changed tags.", 
        "user": [
            "fstakem"
        ], 
        "content_type": [
            "socialnet", 
            "data"
        ]
    }
},
{
    "pk": 51, 
    "model": "admin.logentry", 
    "fields": {
        "action_flag": 2, 
        "action_time": "2014-01-08T14:17:57.282Z", 
        "object_repr": "Game 1 Sim 9", 
        "object_id": "12", 
        "change_message": "Changed tags.", 
        "user": [
            "fstakem"
        ], 
        "content_type": [
            "socialnet", 
            "data"
        ]
    }
},
{
    "pk": 52, 
    "model": "admin.logentry", 
    "fields": {
        "action_flag": 1, 
        "action_time": "2014-01-08T14:26:45.399Z", 
        "object_repr": "Game 1 Stadium 1", 
        "object_id": "14", 
        "change_message": "", 
        "user": [
            "fstakem"
        ], 
        "content_type": [
            "socialnet", 
            "data"
        ]
    }
},
{
    "pk": 53, 
    "model": "admin.logentry", 
    "fields": {
        "action_flag": 1, 
        "action_time": "2014-01-08T14:27:18.716Z", 
        "object_repr": "Game 1 Stadium 2", 
        "object_id": "15", 
        "change_message": "", 
        "user": [
            "fstakem"
        ], 
        "content_type": [
            "socialnet", 
            "data"
        ]
    }
},
{
    "pk": 54, 
    "model": "admin.logentry", 
    "fields": {
        "action_flag": 1, 
        "action_time": "2014-01-08T14:27:56.481Z", 
        "object_repr": "Game 1 Stadium 3", 
        "object_id": "16", 
        "change_message": "", 
        "user": [
            "fstakem"
        ], 
        "content_type": [
            "socialnet", 
            "data"
        ]
    }
},
{
    "pk": 55, 
    "model": "admin.logentry", 
    "fields": {
        "action_flag": 1, 
        "action_time": "2014-01-08T14:29:05.542Z", 
        "object_repr": "Game 1 Analysis 1", 
        "object_id": "17", 
        "change_message": "", 
        "user": [
            "fstakem"
        ], 
        "content_type": [
            "socialnet", 
            "data"
        ]
    }
},
{
    "pk": 56, 
    "model": "admin.logentry", 
    "fields": {
        "action_flag": 1, 
        "action_time": "2014-01-08T14:29:39.899Z", 
        "object_repr": "Game 1 Analysis 2", 
        "object_id": "18", 
        "change_message": "", 
        "user": [
            "fstakem"
        ], 
        "content_type": [
            "socialnet", 
            "data"
        ]
    }
},
{
    "pk": 57, 
    "model": "admin.logentry", 
    "fields": {
        "action_flag": 1, 
        "action_time": "2014-01-08T14:30:14.436Z", 
        "object_repr": "Game 1 Analysis 3", 
        "object_id": "19", 
        "change_message": "", 
        "user": [
            "fstakem"
        ], 
        "content_type": [
            "socialnet", 
            "data"
        ]
    }
},
{
    "pk": 58, 
    "model": "admin.logentry", 
    "fields": {
        "action_flag": 1, 
        "action_time": "2014-01-08T14:32:28.998Z", 
        "object_repr": "Dev Computer", 
        "object_id": "8", 
        "change_message": "", 
        "user": [
            "fstakem"
        ], 
        "content_type": [
            "socialnet", 
            "host"
        ]
    }
},
{
    "pk": 59, 
    "model": "admin.logentry", 
    "fields": {
        "action_flag": 1, 
        "action_time": "2014-01-08T14:32:49.359Z", 
        "object_repr": "Test Comp", 
        "object_id": "9", 
        "change_message": "", 
        "user": [
            "fstakem"
        ], 
        "content_type": [
            "socialnet", 
            "host"
        ]
    }
},
{
    "pk": 60, 
    "model": "admin.logentry", 
    "fields": {
        "action_flag": 1, 
        "action_time": "2014-01-08T14:33:48.719Z", 
        "object_repr": "Heroku Server (San Francisco)", 
        "object_id": "5", 
        "change_message": "", 
        "user": [
            "fstakem"
        ], 
        "content_type": [
            "socialnet", 
            "location"
        ]
    }
},
{
    "pk": 61, 
    "model": "admin.logentry", 
    "fields": {
        "action_flag": 1, 
        "action_time": "2014-01-08T14:34:02.319Z", 
        "object_repr": "Production Server", 
        "object_id": "10", 
        "change_message": "", 
        "user": [
            "fstakem"
        ], 
        "content_type": [
            "socialnet", 
            "host"
        ]
    }
},
{
    "pk": 62, 
    "model": "admin.logentry", 
    "fields": {
        "action_flag": 1, 
        "action_time": "2014-01-08T14:34:47.142Z", 
        "object_repr": "Overseas (London)", 
        "object_id": "6", 
        "change_message": "", 
        "user": [
            "fstakem"
        ], 
        "content_type": [
            "socialnet", 
            "location"
        ]
    }
},
{
    "pk": 63, 
    "model": "admin.logentry", 
    "fields": {
        "action_flag": 1, 
        "action_time": "2014-01-08T14:34:59.511Z", 
        "object_repr": "International Server", 
        "object_id": "11", 
        "change_message": "", 
        "user": [
            "fstakem"
        ], 
        "content_type": [
            "socialnet", 
            "host"
        ]
    }
},
{
    "pk": 64, 
    "model": "admin.logentry", 
    "fields": {
        "action_flag": 1, 
        "action_time": "2014-01-08T14:35:01.413Z", 
        "object_repr": "Randor", 
        "object_id": "2", 
        "change_message": "", 
        "user": [
            "fstakem"
        ], 
        "content_type": [
            "socialnet", 
            "project"
        ]
    }
},
{
    "pk": 65, 
    "model": "admin.logentry", 
    "fields": {
        "action_flag": 2, 
        "action_time": "2014-01-08T14:35:06.892Z", 
        "object_repr": "Randori", 
        "object_id": "2", 
        "change_message": "Changed name and tags.", 
        "user": [
            "fstakem"
        ], 
        "content_type": [
            "socialnet", 
            "project"
        ]
    }
},
{
    "pk": 66, 
    "model": "admin.logentry", 
    "fields": {
        "action_flag": 2, 
        "action_time": "2014-01-08T14:37:20.606Z", 
        "object_repr": "Production Server 1", 
        "object_id": "10", 
        "change_message": "Changed name and tags.", 
        "user": [
            "fstakem"
        ], 
        "content_type": [
            "socialnet", 
            "host"
        ]
    }
},
{
    "pk": 67, 
    "model": "admin.logentry", 
    "fields": {
        "action_flag": 1, 
        "action_time": "2014-01-08T14:37:40.575Z", 
        "object_repr": "Production Server 2", 
        "object_id": "12", 
        "change_message": "", 
        "user": [
            "fstakem"
        ], 
        "content_type": [
            "socialnet", 
            "host"
        ]
    }
},
{
    "pk": 68, 
    "model": "admin.logentry", 
    "fields": {
        "action_flag": 1, 
        "action_time": "2014-01-08T14:37:54.752Z", 
        "object_repr": "Production Server 3", 
        "object_id": "13", 
        "change_message": "", 
        "user": [
            "fstakem"
        ], 
        "content_type": [
            "socialnet", 
            "host"
        ]
    }
},
{
    "pk": 69, 
    "model": "admin.logentry", 
    "fields": {
        "action_flag": 2, 
        "action_time": "2014-01-08T14:37:56.556Z", 
        "object_repr": "Randori", 
        "object_id": "2", 
        "change_message": "Changed tags and host.", 
        "user": [
            "fstakem"
        ], 
        "content_type": [
            "socialnet", 
            "project"
        ]
    }
},
{
    "pk": 70, 
    "model": "admin.logentry", 
    "fields": {
        "action_flag": 1, 
        "action_time": "2014-01-08T14:43:40.866Z", 
        "object_repr": "D3 Dev Laptop", 
        "object_id": "14", 
        "change_message": "", 
        "user": [
            "fstakem"
        ], 
        "content_type": [
            "socialnet", 
            "host"
        ]
    }
},
{
    "pk": 71, 
    "model": "admin.logentry", 
    "fields": {
        "action_flag": 1, 
        "action_time": "2014-01-08T14:43:53.494Z", 
        "object_repr": "D3 Dev Tablet", 
        "object_id": "15", 
        "change_message": "", 
        "user": [
            "fstakem"
        ], 
        "content_type": [
            "socialnet", 
            "host"
        ]
    }
},
{
    "pk": 72, 
    "model": "admin.logentry", 
    "fields": {
        "action_flag": 1, 
        "action_time": "2014-01-08T14:44:06.841Z", 
        "object_repr": "D3 Dev Server", 
        "object_id": "16", 
        "change_message": "", 
        "user": [
            "fstakem"
        ], 
        "content_type": [
            "socialnet", 
            "host"
        ]
    }
},
{
    "pk": 73, 
    "model": "admin.logentry", 
    "fields": {
        "action_flag": 1, 
        "action_time": "2014-01-08T14:44:08.540Z", 
        "object_repr": "D3_Expose", 
        "object_id": "3", 
        "change_message": "", 
        "user": [
            "fstakem"
        ], 
        "content_type": [
            "socialnet", 
            "project"
        ]
    }
},
{
    "pk": 74, 
    "model": "admin.logentry", 
    "fields": {
        "action_flag": 1, 
        "action_time": "2014-01-08T14:45:26.386Z", 
        "object_repr": "Game_1_Sim_Analysis", 
        "object_id": "1", 
        "change_message": "", 
        "user": [
            "fstakem"
        ], 
        "content_type": [
            "socialnet", 
            "analysis"
        ]
    }
},
{
    "pk": 1, 
    "model": "socialnet.analysis", 
    "fields": {
        "description": "", 
        "creator": [
            "fstakem"
        ], 
        "project": 1, 
        "last_activity": "2014-01-08T14:45:26.370Z", 
        "date_created": "2014-01-08T14:45:26.370Z", 
        "data": [
            1, 
            2, 
            3
        ], 
        "name": "Game_1_Sim_Analysis"
    }
},
{
    "pk": 1, 
    "model": "socialnet.data", 
    "fields": {
        "description": "", 
        "date_ended_collection": "2014-01-08T13:37:42Z", 
        "project": 1, 
        "last_activity": "2014-01-08T14:16:53.978Z", 
        "host": 2, 
        "location": 3, 
        "raw_data": "data/fstakem/AA Simulation Comp 1/data__2014_01_08_08:38:41.800914__syslog_mock", 
        "owner": [
            "fstakem"
        ], 
        "date_started_collection": "2014-01-08T13:37:40Z", 
        "date_uploaded": "2014-01-08T13:38:41.800Z", 
        "name": "Game 1 Sim 1"
    }
},
{
    "pk": 2, 
    "model": "socialnet.data", 
    "fields": {
        "description": "", 
        "date_ended_collection": "2014-01-08T13:38:54Z", 
        "project": 1, 
        "last_activity": "2014-01-08T14:17:00.306Z", 
        "host": 3, 
        "location": 3, 
        "raw_data": "data/fstakem/AA Simulation Comp 2/data__2014_01_08_08:39:21.772471__syslog_mock", 
        "owner": [
            "fstakem"
        ], 
        "date_started_collection": "2014-01-08T13:38:53Z", 
        "date_uploaded": "2014-01-08T13:39:21.772Z", 
        "name": "Game 1 Sim 2"
    }
},
{
    "pk": 3, 
    "model": "socialnet.data", 
    "fields": {
        "description": "", 
        "date_ended_collection": "2014-01-08T13:39:33Z", 
        "project": 1, 
        "last_activity": "2014-01-08T14:17:08.205Z", 
        "host": 4, 
        "location": 3, 
        "raw_data": "data/fstakem/AA Simulation Comp 3/data__2014_01_08_08:39:55.731605__syslog_mock", 
        "owner": [
            "fstakem"
        ], 
        "date_started_collection": "2014-01-08T13:39:32Z", 
        "date_uploaded": "2014-01-08T13:39:55.731Z", 
        "name": "Game 1 Sim 3"
    }
},
{
    "pk": 4, 
    "model": "socialnet.data", 
    "fields": {
        "description": "", 
        "date_ended_collection": "2014-01-08T13:54:48Z", 
        "project": 1, 
        "last_activity": "2014-01-08T14:17:13.992Z", 
        "host": 1, 
        "location": 3, 
        "raw_data": "data/ssuder/AA Server/data__2014_01_08_08:55:52.085563__syslog_mock", 
        "owner": [
            "ssuder"
        ], 
        "date_started_collection": "2014-01-08T13:54:47Z", 
        "date_uploaded": "2014-01-08T13:55:52.085Z", 
        "name": "Game 1 Stats"
    }
},
{
    "pk": 5, 
    "model": "socialnet.data", 
    "fields": {
        "description": "", 
        "date_ended_collection": "2014-01-08T13:56:11Z", 
        "project": 1, 
        "last_activity": "2014-01-08T13:56:38.741Z", 
        "host": 5, 
        "location": 3, 
        "raw_data": "data/lildog/Paul Johnson Laptop/data__2014_01_08_08:56:38.741139__syslog_mock", 
        "owner": [
            "lildog"
        ], 
        "date_started_collection": "2014-01-08T13:56:10Z", 
        "date_uploaded": "2014-01-08T13:56:38.741Z", 
        "name": "Game 1 Gameplan 1"
    }
},
{
    "pk": 6, 
    "model": "socialnet.data", 
    "fields": {
        "description": "", 
        "date_ended_collection": "2014-01-08T14:03:14Z", 
        "project": 1, 
        "last_activity": "2014-01-08T14:03:38.688Z", 
        "host": 7, 
        "location": 4, 
        "raw_data": "data/lildog/Presidents Computer/data__2014_01_08_09:03:38.688935__syslog_mock", 
        "owner": [
            "lildog"
        ], 
        "date_started_collection": "2014-01-08T14:03:13Z", 
        "date_uploaded": "2014-01-08T14:03:38.688Z", 
        "name": "Game 1 Watching"
    }
},
{
    "pk": 7, 
    "model": "socialnet.data", 
    "fields": {
        "description": "", 
        "date_ended_collection": "2014-01-08T14:04:03Z", 
        "project": 1, 
        "last_activity": "2014-01-08T14:17:21.011Z", 
        "host": 2, 
        "location": 3, 
        "raw_data": "data/fstakem/AA Simulation Comp 1/data__2014_01_08_09:04:44.750933__syslog_mock", 
        "owner": [
            "fstakem"
        ], 
        "date_started_collection": "2014-01-08T14:04:02Z", 
        "date_uploaded": "2014-01-08T14:04:44.750Z", 
        "name": "Game 1 Sim 4"
    }
},
{
    "pk": 8, 
    "model": "socialnet.data", 
    "fields": {
        "description": "", 
        "date_ended_collection": "2014-01-08T14:04:54Z", 
        "project": 1, 
        "last_activity": "2014-01-08T14:17:28.728Z", 
        "host": 3, 
        "location": 3, 
        "raw_data": "data/fstakem/AA Simulation Comp 2/data__2014_01_08_09:05:18.465874__syslog_mock", 
        "owner": [
            "fstakem"
        ], 
        "date_started_collection": "2014-01-08T14:04:53Z", 
        "date_uploaded": "2014-01-08T14:05:18.465Z", 
        "name": "Game 1 Sim 5"
    }
},
{
    "pk": 9, 
    "model": "socialnet.data", 
    "fields": {
        "description": "", 
        "date_ended_collection": "2014-01-08T14:05:27Z", 
        "project": 1, 
        "last_activity": "2014-01-08T14:17:36.028Z", 
        "host": 4, 
        "location": 3, 
        "raw_data": "data/fstakem/AA Simulation Comp 3/data__2014_01_08_09:05:50.229791__syslog_mock", 
        "owner": [
            "fstakem"
        ], 
        "date_started_collection": "2014-01-08T14:05:26Z", 
        "date_uploaded": "2014-01-08T14:05:50.229Z", 
        "name": "Game 1 Sim 6"
    }
},
{
    "pk": 10, 
    "model": "socialnet.data", 
    "fields": {
        "description": "", 
        "date_ended_collection": "2014-01-08T14:08:23Z", 
        "project": 1, 
        "last_activity": "2014-01-08T14:17:43.203Z", 
        "host": 2, 
        "location": 3, 
        "raw_data": "data/fstakem/AA Simulation Comp 1/data__2014_01_08_09:08:49.944928__syslog_mock", 
        "owner": [
            "fstakem"
        ], 
        "date_started_collection": "2014-01-08T14:08:22Z", 
        "date_uploaded": "2014-01-08T14:08:49.944Z", 
        "name": "Game 1 Sim 7"
    }
},
{
    "pk": 11, 
    "model": "socialnet.data", 
    "fields": {
        "description": "", 
        "date_ended_collection": "2014-01-08T14:09:13Z", 
        "project": 1, 
        "last_activity": "2014-01-08T14:17:50.072Z", 
        "host": 3, 
        "location": 3, 
        "raw_data": "data/fstakem/AA Simulation Comp 2/data__2014_01_08_09:09:44.270202__syslog_mock", 
        "owner": [
            "fstakem"
        ], 
        "date_started_collection": "2014-01-08T14:09:12Z", 
        "date_uploaded": "2014-01-08T14:09:44.270Z", 
        "name": "Game 1 Sim 8"
    }
},
{
    "pk": 12, 
    "model": "socialnet.data", 
    "fields": {
        "description": "", 
        "date_ended_collection": "2014-01-08T14:10:10Z", 
        "project": 1, 
        "last_activity": "2014-01-08T14:17:57.265Z", 
        "host": 4, 
        "location": 3, 
        "raw_data": "data/fstakem/AA Simulation Comp 3/data__2014_01_08_09:10:30.061605__syslog_mock", 
        "owner": [
            "fstakem"
        ], 
        "date_started_collection": "2014-01-08T14:10:08Z", 
        "date_uploaded": "2014-01-08T14:10:30.061Z", 
        "name": "Game 1 Sim 9"
    }
},
{
    "pk": 13, 
    "model": "socialnet.data", 
    "fields": {
        "description": "", 
        "date_ended_collection": "2014-01-08T14:14:04Z", 
        "project": 1, 
        "last_activity": "2014-01-08T14:16:46.754Z", 
        "host": 5, 
        "location": 3, 
        "raw_data": "data/fstakem/Paul Johnson Laptop/data__2014_01_08_09:14:48.960366__syslog_mock", 
        "owner": [
            "fstakem"
        ], 
        "date_started_collection": "2014-01-08T14:14:03Z", 
        "date_uploaded": "2014-01-08T14:14:48.960Z", 
        "name": "Game 1 Gameplan 2"
    }
},
{
    "pk": 14, 
    "model": "socialnet.data", 
    "fields": {
        "description": "", 
        "date_ended_collection": "2014-01-08T14:24:45Z", 
        "project": 1, 
        "last_activity": "2014-01-08T14:26:45.388Z", 
        "host": 6, 
        "location": 4, 
        "raw_data": "data/fstakem/Hill Server/data__2014_01_08_09:26:45.388410__syslog_mock", 
        "owner": [
            "fstakem"
        ], 
        "date_started_collection": "2014-01-08T14:24:44Z", 
        "date_uploaded": "2014-01-08T14:26:45.388Z", 
        "name": "Game 1 Stadium 1"
    }
},
{
    "pk": 15, 
    "model": "socialnet.data", 
    "fields": {
        "description": "", 
        "date_ended_collection": "2014-01-08T14:26:53Z", 
        "project": 1, 
        "last_activity": "2014-01-08T14:27:18.706Z", 
        "host": 6, 
        "location": 4, 
        "raw_data": "data/fstakem/Hill Server/data__2014_01_08_09:27:18.706827__syslog_mock", 
        "owner": [
            "fstakem"
        ], 
        "date_started_collection": "2014-01-08T14:26:52Z", 
        "date_uploaded": "2014-01-08T14:27:18.706Z", 
        "name": "Game 1 Stadium 2"
    }
},
{
    "pk": 16, 
    "model": "socialnet.data", 
    "fields": {
        "description": "", 
        "date_ended_collection": "2014-01-08T14:27:28Z", 
        "project": 1, 
        "last_activity": "2014-01-08T14:27:56.471Z", 
        "host": 6, 
        "location": 4, 
        "raw_data": "data/lildog/Hill Server/data__2014_01_08_09:27:56.471220__syslog_mock", 
        "owner": [
            "lildog"
        ], 
        "date_started_collection": "2014-01-08T14:27:27Z", 
        "date_uploaded": "2014-01-08T14:27:56.471Z", 
        "name": "Game 1 Stadium 3"
    }
},
{
    "pk": 17, 
    "model": "socialnet.data", 
    "fields": {
        "description": "", 
        "date_ended_collection": "2014-01-08T14:28:46Z", 
        "project": 1, 
        "last_activity": "2014-01-08T14:29:05.531Z", 
        "host": 5, 
        "location": 3, 
        "raw_data": "", 
        "owner": [
            "fstakem"
        ], 
        "date_started_collection": "2014-01-08T14:28:44Z", 
        "date_uploaded": "2014-01-08T14:29:05.531Z", 
        "name": "Game 1 Analysis 1"
    }
},
{
    "pk": 18, 
    "model": "socialnet.data", 
    "fields": {
        "description": "", 
        "date_ended_collection": "2014-01-08T14:29:16Z", 
        "project": 1, 
        "last_activity": "2014-01-08T14:29:39.889Z", 
        "host": 5, 
        "location": 3, 
        "raw_data": "data/fstakem/Paul Johnson Laptop/data__2014_01_08_09:29:39.889957__syslog_mock", 
        "owner": [
            "fstakem"
        ], 
        "date_started_collection": "2014-01-08T14:29:15Z", 
        "date_uploaded": "2014-01-08T14:29:39.889Z", 
        "name": "Game 1 Analysis 2"
    }
},
{
    "pk": 19, 
    "model": "socialnet.data", 
    "fields": {
        "description": "", 
        "date_ended_collection": "2014-01-08T14:29:50Z", 
        "project": 1, 
        "last_activity": "2014-01-08T14:30:14.426Z", 
        "host": 5, 
        "location": 3, 
        "raw_data": "data/fstakem/Paul Johnson Laptop/data__2014_01_08_09:30:14.426168__syslog_mock", 
        "owner": [
            "fstakem"
        ], 
        "date_started_collection": "2014-01-08T14:29:48Z", 
        "date_uploaded": "2014-01-08T14:30:14.426Z", 
        "name": "Game 1 Analysis 3"
    }
},
{
    "pk": 1, 
    "model": "socialnet.project", 
    "fields": {
        "website": "http://www.gatech.edu/", 
        "description": "Analysis done on Georgia Tech football.", 
        "contributor": [
            [
                "ssuder"
            ], 
            [
                "lildog"
            ]
        ], 
        "last_activity": "2014-01-08T13:36:57.701Z", 
        "host": [
            1, 
            2, 
            3, 
            4, 
            5, 
            6, 
            7
        ], 
        "owner": [
            "fstakem"
        ], 
        "date_created": "2014-01-08T13:35:36.865Z", 
        "pending_contributor": [
            [
                "murdog"
            ], 
            [
                "bentdog"
            ]
        ], 
        "public": true, 
        "name": "GaTech_Football"
    }
},
{
    "pk": 2, 
    "model": "socialnet.project", 
    "fields": {
        "website": "http://www.randori.herokuapp.com/", 
        "description": "The randori software project.", 
        "contributor": [
            [
                "fstakem"
            ], 
            [
                "ssuder"
            ], 
            [
                "lildog"
            ], 
            [
                "murdog"
            ]
        ], 
        "last_activity": "2014-01-08T14:37:56.542Z", 
        "host": [
            8, 
            9, 
            11, 
            10, 
            12, 
            13
        ], 
        "owner": [
            "fstakem"
        ], 
        "date_created": "2014-01-08T14:35:01.398Z", 
        "pending_contributor": [
            [
                "bentdog"
            ]
        ], 
        "public": true, 
        "name": "Randori"
    }
},
{
    "pk": 3, 
    "model": "socialnet.project", 
    "fields": {
        "website": "", 
        "description": "This project highlights all of the cool things that can be done with D3.", 
        "contributor": [
            [
                "fstakem"
            ], 
            [
                "ssuder"
            ], 
            [
                "lildog"
            ]
        ], 
        "last_activity": "2014-01-08T14:44:08.524Z", 
        "host": [
            14, 
            15, 
            16
        ], 
        "owner": [
            "fstakem"
        ], 
        "date_created": "2014-01-08T14:44:08.524Z", 
        "pending_contributor": [], 
        "public": true, 
        "name": "D3_Expose"
    }
},
{
    "pk": 1, 
    "model": "socialnet.userprofile", 
    "fields": {
        "bio": "I bang out code for a living.", 
        "github_page": "http://www.github.com/fstakem", 
        "followed": [
            [
                "ssuder"
            ], 
            [
                "lildog"
            ], 
            [
                "murdog"
            ]
        ], 
        "personal_website": "http://www.fstakem.com/", 
        "title": "Software Engineer", 
        "cover_photo": "photos/fstakem/cover/cover__2014_01_08_08_26_42_410030__stock_cover.png", 
        "profile_photo": "photos/fstakem/profile/profile__2014_01_08_08_26_42_408964__profile.png", 
        "join_date": "2014-01-08T13:26:42.411Z", 
        "location": 1, 
        "user": [
            "fstakem"
        ]
    }
},
{
    "pk": 2, 
    "model": "socialnet.userprofile", 
    "fields": {
        "bio": "I like small dogs and expensive clothes.", 
        "github_page": "", 
        "followed": [
            [
                "fstakem"
            ], 
            [
                "lildog"
            ], 
            [
                "murdog"
            ], 
            [
                "bentdog"
            ]
        ], 
        "personal_website": "", 
        "title": "Marketing Manager", 
        "cover_photo": "photos/ssuder/cover/cover__2014_01_08_08_27_26_929738__cover_vint.png", 
        "profile_photo": "photos/ssuder/profile/profile__2014_01_08_08_27_26_929099__profile_sam.png", 
        "join_date": "2014-01-08T13:27:26.930Z", 
        "location": 1, 
        "user": [
            "ssuder"
        ]
    }
},
{
    "pk": 3, 
    "model": "socialnet.userprofile", 
    "fields": {
        "bio": "I like toys and human food.", 
        "github_page": "", 
        "followed": [
            [
                "fstakem"
            ], 
            [
                "ssuder"
            ], 
            [
                "murdog"
            ], 
            [
                "bentdog"
            ]
        ], 
        "personal_website": "http://www.woofwoof.com/", 
        "title": "Security Professional", 
        "cover_photo": "photos/lildog/cover/cover__2014_01_08_08_28_24_141314__cover_crys.png", 
        "profile_photo": "photos/lildog/profile/profile__2014_01_08_08_28_24_140667__profile_max.png", 
        "join_date": "2014-01-08T13:28:24.142Z", 
        "location": 1, 
        "user": [
            "lildog"
        ]
    }
},
{
    "pk": 4, 
    "model": "socialnet.userprofile", 
    "fields": {
        "bio": "I like to chew things up and get in trouble.", 
        "github_page": "", 
        "followed": [
            [
                "lildog"
            ], 
            [
                "bentdog"
            ]
        ], 
        "personal_website": "http://www.dogfancy.com/", 
        "title": "Chief Chewer", 
        "cover_photo": "photos/murdog/cover/cover__2014_01_08_08_30_15_087015__cover_snow.png", 
        "profile_photo": "photos/murdog/profile/profile__2014_01_08_08_30_15_086214__profile_mur.png", 
        "join_date": "2014-01-08T13:30:15.089Z", 
        "location": 2, 
        "user": [
            "murdog"
        ]
    }
},
{
    "pk": 5, 
    "model": "socialnet.userprofile", 
    "fields": {
        "bio": "I don't do anything but I like to bite other dogs.", 
        "github_page": "", 
        "followed": [
            [
                "lildog"
            ], 
            [
                "murdog"
            ]
        ], 
        "personal_website": "", 
        "title": "Lazy Dog", 
        "cover_photo": "photos/bentdog/cover/cover__2014_01_08_08_31_01_492514__cover_vint.png", 
        "profile_photo": "photos/bentdog/profile/profile__2014_01_08_08_31_01_491822__profile_mur.png", 
        "join_date": "2014-01-08T13:31:01.494Z", 
        "location": 2, 
        "user": [
            "bentdog"
        ]
    }
}
]
