[{"pk": 1, "model": "contenttypes.contenttype", "fields": {"model": "permission", "name": "permission", "app_label": "auth"}}, {"pk": 2, "model": "contenttypes.contenttype", "fields": {"model": "group", "name": "group", "app_label": "auth"}}, {"pk": 3, "model": "contenttypes.contenttype", "fields": {"model": "user", "name": "user", "app_label": "auth"}}, {"pk": 4, "model": "contenttypes.contenttype", "fields": {"model": "contenttype", "name": "content type", "app_label": "contenttypes"}}, {"pk": 5, "model": "contenttypes.contenttype", "fields": {"model": "session", "name": "session", "app_label": "sessions"}}, {"pk": 6, "model": "contenttypes.contenttype", "fields": {"model": "site", "name": "site", "app_label": "sites"}}, {"pk": 7, "model": "contenttypes.contenttype", "fields": {"model": "logentry", "name": "log entry", "app_label": "admin"}}, {"pk": 8, "model": "contenttypes.contenttype", "fields": {"model": "userprofile", "name": "user profile", "app_label": "socialnet"}}, {"pk": 9, "model": "contenttypes.contenttype", "fields": {"model": "project", "name": "project", "app_label": "socialnet"}}, {"pk": 10, "model": "contenttypes.contenttype", "fields": {"model": "revision", "name": "revision", "app_label": "socialnet"}}, {"pk": 11, "model": "contenttypes.contenttype", "fields": {"model": "version", "name": "version", "app_label": "socialnet"}}, {"pk": 12, "model": "contenttypes.contenttype", "fields": {"model": "host", "name": "host", "app_label": "socialnet"}}, {"pk": 13, "model": "contenttypes.contenttype", "fields": {"model": "data", "name": "data", "app_label": "socialnet"}}, {"pk": 14, "model": "contenttypes.contenttype", "fields": {"model": "location", "name": "location", "app_label": "socialnet"}}, {"pk": 15, "model": "contenttypes.contenttype", "fields": {"model": "address", "name": "address", "app_label": "socialnet"}}, {"pk": 16, "model": "contenttypes.contenttype", "fields": {"model": "analysis", "name": "analysis", "app_label": "socialnet"}}, {"pk": 17, "model": "contenttypes.contenttype", "fields": {"model": "softwarestack", "name": "software stack", "app_label": "socialnet"}}, {"pk": 18, "model": "contenttypes.contenttype", "fields": {"model": "usersocialauth", "name": "user social auth", "app_label": "default"}}, {"pk": 19, "model": "contenttypes.contenttype", "fields": {"model": "nonce", "name": "nonce", "app_label": "default"}}, {"pk": 20, "model": "contenttypes.contenttype", "fields": {"model": "association", "name": "association", "app_label": "default"}}, {"pk": 21, "model": "contenttypes.contenttype", "fields": {"model": "code", "name": "code", "app_label": "default"}}, {"pk": "bis6esnlf5iu2wzs5pvr1h8mq27uev4c", "model": "sessions.session", "fields": {"expire_date": "2013-10-30T17:37:53.715Z", "session_data": "ZWVkNGJkZmY3NzliMGE4ZGY0M2NkNjdhZThiMTNhOTgzNGY3ZmNhYjqAAn1xAVgKAAAAdGVzdGNvb2tpZXECWAYAAAB3b3JrZWRxA3Mu"}}, {"pk": "i0d26s2dj5m1z0cwqf8v824w66m40ftt", "model": "sessions.session", "fields": {"expire_date": "2013-10-30T17:37:55.846Z", "session_data": "ZDNmZmQ5ODlhYTM4YzlhYjJkZTE4YzJjNDZmNDg2NTk4YjYyZmRkYTqAAn1xAShVEl9hdXRoX3VzZXJfYmFja2VuZHECVSlkamFuZ28uY29udHJpYi5hdXRoLmJhY2tlbmRzLk1vZGVsQmFja2VuZHEDVQ1fYXV0aF91c2VyX2lkcQRLAXUu"}}, {"pk": 1, "model": "sites.site", "fields": {"domain": "example.com", "name": "example.com"}}, {"pk": 1, "model": "socialnet.revision", "fields": {"project": null, "version": 1, "software_stack": [1]}}, {"pk": 2, "model": "socialnet.revision", "fields": {"project": null, "version": 4, "software_stack": [4]}}, {"pk": 3, "model": "socialnet.revision", "fields": {"project": null, "version": 3, "software_stack": [3]}}, {"pk": 1, "model": "socialnet.version", "fields": {"date_created": "2013-10-16T17:57:13Z", "major": 4, "build": 2, "minor": 2, "last_activity": "2013-10-16T17:57:14Z"}}, {"pk": 2, "model": "socialnet.version", "fields": {"date_created": "2013-10-16T17:57:43Z", "major": 3, "build": 1, "minor": 2, "last_activity": "2013-10-16T17:57:45Z"}}, {"pk": 3, "model": "socialnet.version", "fields": {"date_created": "2013-10-16T17:58:42Z", "major": 1, "build": 0, "minor": 0, "last_activity": "2013-10-16T17:58:43Z"}}, {"pk": 4, "model": "socialnet.version", "fields": {"date_created": "2013-10-16T18:05:47Z", "major": 1, "build": 1, "minor": 1, "last_activity": "2013-10-16T18:05:48Z"}}, {"pk": 1, "model": "socialnet.host", "fields": {"last_location": 4, "name": "Football-Simulator-Super-Computer", "description": "Super computer for football simulation."}}, {"pk": 2, "model": "socialnet.host", "fields": {"last_location": 4, "name": "Football-Simulator-Backup", "description": "Backup system for the super computer."}}, {"pk": 3, "model": "socialnet.host", "fields": {"last_location": 2, "name": "Football-Kicking-Computer", "description": "Computer specialized for kicking."}}, {"pk": 4, "model": "socialnet.host", "fields": {"last_location": 9, "name": "NASA-Sim-Host-1", "description": "Simulation host 1"}}, {"pk": 5, "model": "socialnet.host", "fields": {"last_location": 8, "name": "NASA-Sim-Host-2", "description": "Simulation host"}}, {"pk": 6, "model": "socialnet.host", "fields": {"last_location": 7, "name": "NASA-Sim-Host-3", "description": "Simulation host"}}, {"pk": 7, "model": "socialnet.host", "fields": {"last_location": 6, "name": "NASA-Sim-Host-4", "description": "Simulation host"}}, {"pk": 8, "model": "socialnet.host", "fields": {"last_location": 10, "name": "Dog-Food-Simulator", "description": "Dog food simulator"}}, {"pk": 9, "model": "socialnet.host", "fields": {"last_location": 10, "name": "Dog-Food-Data-Store", "description": "Data store computer for lab"}}, {"pk": 10, "model": "socialnet.host", "fields": {"last_location": 1, "name": "OIT-Host-1", "description": "Host"}}, {"pk": 11, "model": "socialnet.host", "fields": {"last_location": 1, "name": "OIT-Host-2", "description": ""}}, {"pk": 12, "model": "socialnet.host", "fields": {"last_location": 1, "name": "OIT-Host-3", "description": "Host"}}, {"pk": 1, "model": "socialnet.location", "fields": {"address": null, "sub_location": [5], "name": "OIT-Lab", "description": null}}, {"pk": 2, "model": "socialnet.location", "fields": {"address": null, "sub_location": [5], "name": "DSP-Lab", "description": null}}, {"pk": 3, "model": "socialnet.location", "fields": {"address": null, "sub_location": [5], "name": "Van-Leer", "description": null}}, {"pk": 4, "model": "socialnet.location", "fields": {"address": null, "sub_location": [5], "name": "Athletic-Association", "description": null}}, {"pk": 5, "model": "socialnet.location", "fields": {"address": 5, "sub_location": [1, 2, 3, 4], "name": "GaTech", "description": null}}, {"pk": 6, "model": "socialnet.location", "fields": {"address": null, "sub_location": [9], "name": "Space-Station-Data-Center", "description": null}}, {"pk": 7, "model": "socialnet.location", "fields": {"address": null, "sub_location": [9], "name": "Space-Operations-Lab", "description": null}}, {"pk": 8, "model": "socialnet.location", "fields": {"address": null, "sub_location": [9], "name": "Rocket-Research-Lab", "description": null}}, {"pk": 9, "model": "socialnet.location", "fields": {"address": 6, "sub_location": [6, 7, 8], "name": "NASA", "description": null}}, {"pk": 10, "model": "socialnet.location", "fields": {"address": 7, "sub_location": [], "name": "Dog-Food-Lab", "description": null}}, {"pk": 1, "model": "socialnet.address", "fields": {"city": "San Francisco", "zipcode": "94129", "state": "CA", "address_1": "785 C Sanches St", "address_2": "", "address_type": "HOME", "zip_plus4": ""}}, {"pk": 2, "model": "socialnet.address", "fields": {"city": "New York", "zipcode": "12345", "state": "NY", "address_1": "555 Park Ave", "address_2": "", "address_type": "HOME", "zip_plus4": ""}}, {"pk": 3, "model": "socialnet.address", "fields": {"city": "Atlanta", "zipcode": "30305", "state": "GA", "address_1": "123 DogHouse Lane", "address_2": "", "address_type": "HOME", "zip_plus4": ""}}, {"pk": 4, "model": "socialnet.address", "fields": {"city": "Jax", "zipcode": "12345", "state": "FL", "address_1": "345 Sunset Coast Lane", "address_2": "", "address_type": "HOME", "zip_plus4": ""}}, {"pk": 5, "model": "socialnet.address", "fields": {"city": "Atlanta", "zipcode": "30332", "state": "GA", "address_1": "North Ave", "address_2": "", "address_type": "WORK", "zip_plus4": ""}}, {"pk": 6, "model": "socialnet.address", "fields": {"city": "Cap Canveral", "zipcode": "12345", "state": "FL", "address_1": "Rocket Ship Way", "address_2": "", "address_type": "WORK", "zip_plus4": ""}}, {"pk": 7, "model": "socialnet.address", "fields": {"city": "Chicago", "zipcode": "83812", "state": "IL", "address_1": "594 Yummy Road", "address_2": "", "address_type": "OTHER", "zip_plus4": ""}}, {"pk": 1, "model": "socialnet.softwarestack", "fields": {"dependency": [2], "version": 1, "name": "Football-Simulator"}}, {"pk": 2, "model": "socialnet.softwarestack", "fields": {"dependency": [1, 3, 4], "version": 2, "name": "Linux-Server"}}, {"pk": 3, "model": "socialnet.softwarestack", "fields": {"dependency": [2], "version": 3, "name": "Space-Research-Simulator"}}, {"pk": 4, "model": "socialnet.softwarestack", "fields": {"dependency": [2], "version": 4, "name": "Dog-Food-Data-Center"}}, {"pk": 1, "model": "auth.permission", "fields": {"codename": "add_permission", "name": "Can add permission", "content_type": 1}}, {"pk": 2, "model": "auth.permission", "fields": {"codename": "change_permission", "name": "Can change permission", "content_type": 1}}, {"pk": 3, "model": "auth.permission", "fields": {"codename": "delete_permission", "name": "Can delete permission", "content_type": 1}}, {"pk": 4, "model": "auth.permission", "fields": {"codename": "add_group", "name": "Can add group", "content_type": 2}}, {"pk": 5, "model": "auth.permission", "fields": {"codename": "change_group", "name": "Can change group", "content_type": 2}}, {"pk": 6, "model": "auth.permission", "fields": {"codename": "delete_group", "name": "Can delete group", "content_type": 2}}, {"pk": 7, "model": "auth.permission", "fields": {"codename": "add_user", "name": "Can add user", "content_type": 3}}, {"pk": 8, "model": "auth.permission", "fields": {"codename": "change_user", "name": "Can change user", "content_type": 3}}, {"pk": 9, "model": "auth.permission", "fields": {"codename": "delete_user", "name": "Can delete user", "content_type": 3}}, {"pk": 10, "model": "auth.permission", "fields": {"codename": "add_contenttype", "name": "Can add content type", "content_type": 4}}, {"pk": 11, "model": "auth.permission", "fields": {"codename": "change_contenttype", "name": "Can change content type", "content_type": 4}}, {"pk": 12, "model": "auth.permission", "fields": {"codename": "delete_contenttype", "name": "Can delete content type", "content_type": 4}}, {"pk": 13, "model": "auth.permission", "fields": {"codename": "add_session", "name": "Can add session", "content_type": 5}}, {"pk": 14, "model": "auth.permission", "fields": {"codename": "change_session", "name": "Can change session", "content_type": 5}}, {"pk": 15, "model": "auth.permission", "fields": {"codename": "delete_session", "name": "Can delete session", "content_type": 5}}, {"pk": 16, "model": "auth.permission", "fields": {"codename": "add_site", "name": "Can add site", "content_type": 6}}, {"pk": 17, "model": "auth.permission", "fields": {"codename": "change_site", "name": "Can change site", "content_type": 6}}, {"pk": 18, "model": "auth.permission", "fields": {"codename": "delete_site", "name": "Can delete site", "content_type": 6}}, {"pk": 19, "model": "auth.permission", "fields": {"codename": "add_logentry", "name": "Can add log entry", "content_type": 7}}, {"pk": 20, "model": "auth.permission", "fields": {"codename": "change_logentry", "name": "Can change log entry", "content_type": 7}}, {"pk": 21, "model": "auth.permission", "fields": {"codename": "delete_logentry", "name": "Can delete log entry", "content_type": 7}}, {"pk": 22, "model": "auth.permission", "fields": {"codename": "add_userprofile", "name": "Can add user profile", "content_type": 8}}, {"pk": 23, "model": "auth.permission", "fields": {"codename": "change_userprofile", "name": "Can change user profile", "content_type": 8}}, {"pk": 24, "model": "auth.permission", "fields": {"codename": "delete_userprofile", "name": "Can delete user profile", "content_type": 8}}, {"pk": 25, "model": "auth.permission", "fields": {"codename": "add_project", "name": "Can add project", "content_type": 9}}, {"pk": 26, "model": "auth.permission", "fields": {"codename": "change_project", "name": "Can change project", "content_type": 9}}, {"pk": 27, "model": "auth.permission", "fields": {"codename": "delete_project", "name": "Can delete project", "content_type": 9}}, {"pk": 28, "model": "auth.permission", "fields": {"codename": "add_revision", "name": "Can add revision", "content_type": 10}}, {"pk": 29, "model": "auth.permission", "fields": {"codename": "change_revision", "name": "Can change revision", "content_type": 10}}, {"pk": 30, "model": "auth.permission", "fields": {"codename": "delete_revision", "name": "Can delete revision", "content_type": 10}}, {"pk": 31, "model": "auth.permission", "fields": {"codename": "add_version", "name": "Can add version", "content_type": 11}}, {"pk": 32, "model": "auth.permission", "fields": {"codename": "change_version", "name": "Can change version", "content_type": 11}}, {"pk": 33, "model": "auth.permission", "fields": {"codename": "delete_version", "name": "Can delete version", "content_type": 11}}, {"pk": 34, "model": "auth.permission", "fields": {"codename": "add_host", "name": "Can add host", "content_type": 12}}, {"pk": 35, "model": "auth.permission", "fields": {"codename": "change_host", "name": "Can change host", "content_type": 12}}, {"pk": 36, "model": "auth.permission", "fields": {"codename": "delete_host", "name": "Can delete host", "content_type": 12}}, {"pk": 37, "model": "auth.permission", "fields": {"codename": "add_data", "name": "Can add data", "content_type": 13}}, {"pk": 38, "model": "auth.permission", "fields": {"codename": "change_data", "name": "Can change data", "content_type": 13}}, {"pk": 39, "model": "auth.permission", "fields": {"codename": "delete_data", "name": "Can delete data", "content_type": 13}}, {"pk": 40, "model": "auth.permission", "fields": {"codename": "add_location", "name": "Can add location", "content_type": 14}}, {"pk": 41, "model": "auth.permission", "fields": {"codename": "change_location", "name": "Can change location", "content_type": 14}}, {"pk": 42, "model": "auth.permission", "fields": {"codename": "delete_location", "name": "Can delete location", "content_type": 14}}, {"pk": 43, "model": "auth.permission", "fields": {"codename": "add_address", "name": "Can add address", "content_type": 15}}, {"pk": 44, "model": "auth.permission", "fields": {"codename": "change_address", "name": "Can change address", "content_type": 15}}, {"pk": 45, "model": "auth.permission", "fields": {"codename": "delete_address", "name": "Can delete address", "content_type": 15}}, {"pk": 46, "model": "auth.permission", "fields": {"codename": "add_analysis", "name": "Can add analysis", "content_type": 16}}, {"pk": 47, "model": "auth.permission", "fields": {"codename": "change_analysis", "name": "Can change analysis", "content_type": 16}}, {"pk": 48, "model": "auth.permission", "fields": {"codename": "delete_analysis", "name": "Can delete analysis", "content_type": 16}}, {"pk": 49, "model": "auth.permission", "fields": {"codename": "add_softwarestack", "name": "Can add software stack", "content_type": 17}}, {"pk": 50, "model": "auth.permission", "fields": {"codename": "change_softwarestack", "name": "Can change software stack", "content_type": 17}}, {"pk": 51, "model": "auth.permission", "fields": {"codename": "delete_softwarestack", "name": "Can delete software stack", "content_type": 17}}, {"pk": 52, "model": "auth.permission", "fields": {"codename": "add_usersocialauth", "name": "Can add user social auth", "content_type": 18}}, {"pk": 53, "model": "auth.permission", "fields": {"codename": "change_usersocialauth", "name": "Can change user social auth", "content_type": 18}}, {"pk": 54, "model": "auth.permission", "fields": {"codename": "delete_usersocialauth", "name": "Can delete user social auth", "content_type": 18}}, {"pk": 55, "model": "auth.permission", "fields": {"codename": "add_nonce", "name": "Can add nonce", "content_type": 19}}, {"pk": 56, "model": "auth.permission", "fields": {"codename": "change_nonce", "name": "Can change nonce", "content_type": 19}}, {"pk": 57, "model": "auth.permission", "fields": {"codename": "delete_nonce", "name": "Can delete nonce", "content_type": 19}}, {"pk": 58, "model": "auth.permission", "fields": {"codename": "add_association", "name": "Can add association", "content_type": 20}}, {"pk": 59, "model": "auth.permission", "fields": {"codename": "change_association", "name": "Can change association", "content_type": 20}}, {"pk": 60, "model": "auth.permission", "fields": {"codename": "delete_association", "name": "Can delete association", "content_type": 20}}, {"pk": 61, "model": "auth.permission", "fields": {"codename": "add_code", "name": "Can add code", "content_type": 21}}, {"pk": 62, "model": "auth.permission", "fields": {"codename": "change_code", "name": "Can change code", "content_type": 21}}, {"pk": 63, "model": "auth.permission", "fields": {"codename": "delete_code", "name": "Can delete code", "content_type": 21}}, {"pk": 1, "model": "auth.user", "fields": {"username": "fstakem", "first_name": "Fredrick", "last_name": "Stakem", "is_active": true, "is_superuser": true, "is_staff": true, "last_login": "2013-10-16T17:37:55Z", "groups": [], "user_permissions": [], "password": "pbkdf2_sha256$10000$Fi7DiKcx8yDL$nbyoz7vls4Tq9Ce0ZUwf5jrQ1dSm4RJ3v1NHiM3tKsQ=", "email": "fstakem@work.com", "date_joined": "2013-10-16T17:37:47Z"}}, {"pk": 2, "model": "auth.user", "fields": {"username": "ssuder", "first_name": "Sam", "last_name": "Suder", "is_active": true, "is_superuser": true, "is_staff": true, "last_login": "2013-10-16T17:45:55Z", "groups": [], "user_permissions": [], "password": "pbkdf2_sha256$10000$UdRZuRER8DHH$oFgi/2eDI6oJFoxNnvf4J/ivwYcRp36e+68oQvdk/zI=", "email": "ssuder@work.com", "date_joined": "2013-10-16T17:45:55Z"}}, {"pk": 3, "model": "auth.user", "fields": {"username": "lilpup", "first_name": "Max", "last_name": "Suder", "is_active": true, "is_superuser": true, "is_staff": true, "last_login": "2013-10-16T17:46:23Z", "groups": [], "user_permissions": [], "password": "pbkdf2_sha256$10000$8AUTiGlCXDL4$wFuj6Ea8/tKdu12S9L428MHTwqTeLMgnWYKKe3ycvHo=", "email": "lilpup@work.com", "date_joined": "2013-10-16T17:46:23Z"}}, {"pk": 4, "model": "auth.user", "fields": {"username": "murdog", "first_name": "Murphy", "last_name": "Stakem", "is_active": true, "is_superuser": true, "is_staff": true, "last_login": "2013-10-16T17:46:56Z", "groups": [], "user_permissions": [], "password": "pbkdf2_sha256$10000$xyGlNytToYMV$80c4IFhnnYybl/sKc81/3Pv2/yTDdhXtQpH0jBFxN7E=", "email": "murdog@work.com", "date_joined": "2013-10-16T17:46:56Z"}}, {"pk": 1, "model": "admin.logentry", "fields": {"action_flag": 2, "action_time": "2013-10-16T17:45:49.398Z", "object_repr": "fstakem", "object_id": "1", "change_message": "Changed password, first_name, last_name and email.", "user": 1, "content_type": 3}}, {"pk": 2, "model": "admin.logentry", "fields": {"action_flag": 1, "action_time": "2013-10-16T17:45:55.432Z", "object_repr": "gstakem", "object_id": "2", "change_message": "", "user": 1, "content_type": 3}}, {"pk": 3, "model": "admin.logentry", "fields": {"action_flag": 2, "action_time": "2013-10-16T17:46:08.631Z", "object_repr": "gstakem", "object_id": "2", "change_message": "Changed password, first_name, last_name, email, is_staff and is_superuser.", "user": 1, "content_type": 3}}, {"pk": 4, "model": "admin.logentry", "fields": {"action_flag": 1, "action_time": "2013-10-16T17:46:23.620Z", "object_repr": "lilpup", "object_id": "3", "change_message": "", "user": 1, "content_type": 3}}, {"pk": 5, "model": "admin.logentry", "fields": {"action_flag": 2, "action_time": "2013-10-16T17:46:44.043Z", "object_repr": "lilpup", "object_id": "3", "change_message": "Changed password, first_name, last_name, email, is_staff and is_superuser.", "user": 1, "content_type": 3}}, {"pk": 6, "model": "admin.logentry", "fields": {"action_flag": 1, "action_time": "2013-10-16T17:46:56.710Z", "object_repr": "murdog", "object_id": "4", "change_message": "", "user": 1, "content_type": 3}}, {"pk": 7, "model": "admin.logentry", "fields": {"action_flag": 2, "action_time": "2013-10-16T17:47:10.311Z", "object_repr": "murdog", "object_id": "4", "change_message": "Changed password, first_name, last_name, email, is_staff and is_superuser.", "user": 1, "content_type": 3}}, {"pk": 8, "model": "admin.logentry", "fields": {"action_flag": 1, "action_time": "2013-10-16T17:48:17.528Z", "object_repr": "San Francisco, CA", "object_id": "1", "change_message": "", "user": 1, "content_type": 15}}, {"pk": 9, "model": "admin.logentry", "fields": {"action_flag": 1, "action_time": "2013-10-16T17:48:20.520Z", "object_repr": "fstakem", "object_id": "1", "change_message": "", "user": 1, "content_type": 8}}, {"pk": 10, "model": "admin.logentry", "fields": {"action_flag": 2, "action_time": "2013-10-16T17:49:31.924Z", "object_repr": "ssuder", "object_id": "2", "change_message": "Changed username, password, first_name, last_name and email.", "user": 1, "content_type": 3}}, {"pk": 11, "model": "admin.logentry", "fields": {"action_flag": 1, "action_time": "2013-10-16T17:54:54.294Z", "object_repr": "New York, NY", "object_id": "2", "change_message": "", "user": 1, "content_type": 15}}, {"pk": 12, "model": "admin.logentry", "fields": {"action_flag": 1, "action_time": "2013-10-16T17:54:56.025Z", "object_repr": "ssuder", "object_id": "2", "change_message": "", "user": 1, "content_type": 8}}, {"pk": 13, "model": "admin.logentry", "fields": {"action_flag": 1, "action_time": "2013-10-16T17:55:39.027Z", "object_repr": "Atlanta, GA", "object_id": "3", "change_message": "", "user": 1, "content_type": 15}}, {"pk": 14, "model": "admin.logentry", "fields": {"action_flag": 1, "action_time": "2013-10-16T17:55:42.325Z", "object_repr": "lilpup", "object_id": "3", "change_message": "", "user": 1, "content_type": 8}}, {"pk": 15, "model": "admin.logentry", "fields": {"action_flag": 1, "action_time": "2013-10-16T17:56:38.912Z", "object_repr": "Jax, FL", "object_id": "4", "change_message": "", "user": 1, "content_type": 15}}, {"pk": 16, "model": "admin.logentry", "fields": {"action_flag": 1, "action_time": "2013-10-16T17:56:41.111Z", "object_repr": "murdog", "object_id": "4", "change_message": "", "user": 1, "content_type": 8}}, {"pk": 17, "model": "admin.logentry", "fields": {"action_flag": 1, "action_time": "2013-10-16T17:57:15.025Z", "object_repr": "4.2.2", "object_id": "1", "change_message": "", "user": 1, "content_type": 11}}, {"pk": 18, "model": "admin.logentry", "fields": {"action_flag": 1, "action_time": "2013-10-16T17:57:16.959Z", "object_repr": "Football-Simulator", "object_id": "1", "change_message": "", "user": 1, "content_type": 17}}, {"pk": 19, "model": "admin.logentry", "fields": {"action_flag": 1, "action_time": "2013-10-16T17:57:45.944Z", "object_repr": "3.2.1", "object_id": "2", "change_message": "", "user": 1, "content_type": 11}}, {"pk": 20, "model": "admin.logentry", "fields": {"action_flag": 1, "action_time": "2013-10-16T17:57:48.152Z", "object_repr": "Linux-Server", "object_id": "2", "change_message": "", "user": 1, "content_type": 17}}, {"pk": 21, "model": "admin.logentry", "fields": {"action_flag": 1, "action_time": "2013-10-16T17:58:44.600Z", "object_repr": "1.0.0", "object_id": "3", "change_message": "", "user": 1, "content_type": 11}}, {"pk": 22, "model": "admin.logentry", "fields": {"action_flag": 1, "action_time": "2013-10-16T17:58:46.169Z", "object_repr": "Space-Research-Simulator", "object_id": "3", "change_message": "", "user": 1, "content_type": 17}}, {"pk": 23, "model": "admin.logentry", "fields": {"action_flag": 1, "action_time": "2013-10-16T18:00:41.732Z", "object_repr": "Atlanta, GA", "object_id": "5", "change_message": "", "user": 1, "content_type": 15}}, {"pk": 24, "model": "admin.logentry", "fields": {"action_flag": 1, "action_time": "2013-10-16T18:00:53.668Z", "object_repr": "OIT-Lab", "object_id": "1", "change_message": "", "user": 1, "content_type": 14}}, {"pk": 25, "model": "admin.logentry", "fields": {"action_flag": 1, "action_time": "2013-10-16T18:01:05.034Z", "object_repr": "DSP-Lab", "object_id": "2", "change_message": "", "user": 1, "content_type": 14}}, {"pk": 26, "model": "admin.logentry", "fields": {"action_flag": 1, "action_time": "2013-10-16T18:01:14.703Z", "object_repr": "Van-Leer", "object_id": "3", "change_message": "", "user": 1, "content_type": 14}}, {"pk": 27, "model": "admin.logentry", "fields": {"action_flag": 1, "action_time": "2013-10-16T18:01:26.110Z", "object_repr": "Athletic-Association", "object_id": "4", "change_message": "", "user": 1, "content_type": 14}}, {"pk": 28, "model": "admin.logentry", "fields": {"action_flag": 1, "action_time": "2013-10-16T18:01:30.530Z", "object_repr": "GaTech", "object_id": "5", "change_message": "", "user": 1, "content_type": 14}}, {"pk": 29, "model": "admin.logentry", "fields": {"action_flag": 1, "action_time": "2013-10-16T18:03:57.339Z", "object_repr": "Cap Canveral, FL", "object_id": "6", "change_message": "", "user": 1, "content_type": 15}}, {"pk": 30, "model": "admin.logentry", "fields": {"action_flag": 1, "action_time": "2013-10-16T18:04:16.701Z", "object_repr": "Space-Station-Data-Center", "object_id": "6", "change_message": "", "user": 1, "content_type": 14}}, {"pk": 31, "model": "admin.logentry", "fields": {"action_flag": 1, "action_time": "2013-10-16T18:04:31.271Z", "object_repr": "Space-Operations-Lab", "object_id": "7", "change_message": "", "user": 1, "content_type": 14}}, {"pk": 32, "model": "admin.logentry", "fields": {"action_flag": 1, "action_time": "2013-10-16T18:04:45.272Z", "object_repr": "Rocket-Research-Lab", "object_id": "8", "change_message": "", "user": 1, "content_type": 14}}, {"pk": 33, "model": "admin.logentry", "fields": {"action_flag": 1, "action_time": "2013-10-16T18:04:50.160Z", "object_repr": "NASA", "object_id": "9", "change_message": "", "user": 1, "content_type": 14}}, {"pk": 34, "model": "admin.logentry", "fields": {"action_flag": 1, "action_time": "2013-10-16T18:05:50.000Z", "object_repr": "1.1.1", "object_id": "4", "change_message": "", "user": 1, "content_type": 11}}, {"pk": 35, "model": "admin.logentry", "fields": {"action_flag": 1, "action_time": "2013-10-16T18:05:51.952Z", "object_repr": "Dog-Food-Data-Center", "object_id": "4", "change_message": "", "user": 1, "content_type": 17}}, {"pk": 36, "model": "admin.logentry", "fields": {"action_flag": 1, "action_time": "2013-10-16T18:07:10.707Z", "object_repr": "Chicago, IL", "object_id": "7", "change_message": "", "user": 1, "content_type": 15}}, {"pk": 37, "model": "admin.logentry", "fields": {"action_flag": 1, "action_time": "2013-10-16T18:07:13.204Z", "object_repr": "Dog-Food-Lab", "object_id": "10", "change_message": "", "user": 1, "content_type": 14}}, {"pk": 38, "model": "admin.logentry", "fields": {"action_flag": 1, "action_time": "2013-10-16T18:08:14.221Z", "object_repr": "Football-Simulator-Super-Computer", "object_id": "1", "change_message": "", "user": 1, "content_type": 12}}, {"pk": 39, "model": "admin.logentry", "fields": {"action_flag": 1, "action_time": "2013-10-16T18:08:38.242Z", "object_repr": "Football-Simulator-Backup", "object_id": "2", "change_message": "", "user": 1, "content_type": 12}}, {"pk": 40, "model": "admin.logentry", "fields": {"action_flag": 1, "action_time": "2013-10-16T18:09:10.562Z", "object_repr": "Football-Kicking-Computer", "object_id": "3", "change_message": "", "user": 1, "content_type": 12}}, {"pk": 41, "model": "admin.logentry", "fields": {"action_flag": 1, "action_time": "2013-10-16T18:09:43.841Z", "object_repr": "NASA-Sim-Host-1", "object_id": "4", "change_message": "", "user": 1, "content_type": 12}}, {"pk": 42, "model": "admin.logentry", "fields": {"action_flag": 1, "action_time": "2013-10-16T18:09:59.866Z", "object_repr": "NASA-Sim-Host-2", "object_id": "5", "change_message": "", "user": 1, "content_type": 12}}, {"pk": 43, "model": "admin.logentry", "fields": {"action_flag": 1, "action_time": "2013-10-16T18:10:14.588Z", "object_repr": "NASA-Sim-Host-3", "object_id": "6", "change_message": "", "user": 1, "content_type": 12}}, {"pk": 44, "model": "admin.logentry", "fields": {"action_flag": 1, "action_time": "2013-10-16T18:10:31.849Z", "object_repr": "NASA-Sim-Host-4", "object_id": "7", "change_message": "", "user": 1, "content_type": 12}}, {"pk": 45, "model": "admin.logentry", "fields": {"action_flag": 1, "action_time": "2013-10-16T18:11:08.450Z", "object_repr": "Dog-Food-Simulator", "object_id": "8", "change_message": "", "user": 1, "content_type": 12}}, {"pk": 46, "model": "admin.logentry", "fields": {"action_flag": 1, "action_time": "2013-10-16T18:11:38.608Z", "object_repr": "Dog-Food-Data-Store", "object_id": "9", "change_message": "", "user": 1, "content_type": 12}}, {"pk": 47, "model": "admin.logentry", "fields": {"action_flag": 1, "action_time": "2013-10-16T18:12:02.363Z", "object_repr": "OIT-Host-1", "object_id": "10", "change_message": "", "user": 1, "content_type": 12}}, {"pk": 48, "model": "admin.logentry", "fields": {"action_flag": 1, "action_time": "2013-10-16T18:12:12.565Z", "object_repr": "OIT-Host-2", "object_id": "11", "change_message": "", "user": 1, "content_type": 12}}, {"pk": 49, "model": "admin.logentry", "fields": {"action_flag": 1, "action_time": "2013-10-16T18:12:26.173Z", "object_repr": "OIT-Host-3", "object_id": "12", "change_message": "", "user": 1, "content_type": 12}}, {"pk": 50, "model": "admin.logentry", "fields": {"action_flag": 2, "action_time": "2013-10-16T18:30:52.659Z", "object_repr": "Football-Simulator", "object_id": "1", "change_message": "Changed dependency.", "user": 1, "content_type": 17}}, {"pk": 51, "model": "admin.logentry", "fields": {"action_flag": 2, "action_time": "2013-10-16T18:30:57.000Z", "object_repr": "Space-Research-Simulator", "object_id": "3", "change_message": "Changed dependency.", "user": 1, "content_type": 17}}, {"pk": 52, "model": "admin.logentry", "fields": {"action_flag": 2, "action_time": "2013-10-16T18:31:02.308Z", "object_repr": "Dog-Food-Data-Center", "object_id": "4", "change_message": "Changed dependency.", "user": 1, "content_type": 17}}, {"pk": 53, "model": "admin.logentry", "fields": {"action_flag": 1, "action_time": "2013-10-16T18:35:08.085Z", "object_repr": "4.2.2", "object_id": "1", "change_message": "", "user": 1, "content_type": 10}}, {"pk": 54, "model": "admin.logentry", "fields": {"action_flag": 1, "action_time": "2013-10-16T18:35:16.151Z", "object_repr": "Football-Simulator", "object_id": "1", "change_message": "", "user": 1, "content_type": 9}}, {"pk": 55, "model": "admin.logentry", "fields": {"action_flag": 1, "action_time": "2013-10-16T18:36:13.267Z", "object_repr": "1.1.1", "object_id": "2", "change_message": "", "user": 1, "content_type": 10}}, {"pk": 56, "model": "admin.logentry", "fields": {"action_flag": 1, "action_time": "2013-10-16T18:36:18.401Z", "object_repr": "Dog-Food-Research", "object_id": "2", "change_message": "", "user": 1, "content_type": 9}}, {"pk": 57, "model": "admin.logentry", "fields": {"action_flag": 1, "action_time": "2013-10-16T18:37:06.745Z", "object_repr": "1.0.0", "object_id": "3", "change_message": "", "user": 1, "content_type": 10}}, {"pk": 58, "model": "admin.logentry", "fields": {"action_flag": 1, "action_time": "2013-10-16T18:37:08.950Z", "object_repr": "Space-Research", "object_id": "3", "change_message": "", "user": 1, "content_type": 9}}, {"pk": 59, "model": "admin.logentry", "fields": {"action_flag": 1, "action_time": "2013-10-16T18:47:42.342Z", "object_repr": "Tech-Game-1", "object_id": "1", "change_message": "", "user": 1, "content_type": 13}}, {"pk": 60, "model": "admin.logentry", "fields": {"action_flag": 1, "action_time": "2013-10-16T18:48:16.426Z", "object_repr": "Tech-Game-2", "object_id": "2", "change_message": "", "user": 1, "content_type": 13}}, {"pk": 61, "model": "admin.logentry", "fields": {"action_flag": 1, "action_time": "2013-10-16T18:48:47.103Z", "object_repr": "Tech-Game-3", "object_id": "3", "change_message": "", "user": 1, "content_type": 13}}, {"pk": 62, "model": "admin.logentry", "fields": {"action_flag": 1, "action_time": "2013-10-16T18:49:50.430Z", "object_repr": "Tech-Game-4", "object_id": "4", "change_message": "", "user": 1, "content_type": 13}}, {"pk": 63, "model": "admin.logentry", "fields": {"action_flag": 1, "action_time": "2013-10-16T18:50:29.588Z", "object_repr": "Tech-Game-1-Alt", "object_id": "5", "change_message": "", "user": 1, "content_type": 13}}, {"pk": 64, "model": "admin.logentry", "fields": {"action_flag": 1, "action_time": "2013-10-16T19:11:24.337Z", "object_repr": "Dog-Food-Data-1", "object_id": "6", "change_message": "", "user": 1, "content_type": 13}}, {"pk": 65, "model": "admin.logentry", "fields": {"action_flag": 1, "action_time": "2013-10-16T19:11:51.669Z", "object_repr": "Dog-Food-Data-2", "object_id": "7", "change_message": "", "user": 1, "content_type": 13}}, {"pk": 66, "model": "admin.logentry", "fields": {"action_flag": 1, "action_time": "2013-10-16T19:12:18.254Z", "object_repr": "Dog-Food-Data-3", "object_id": "8", "change_message": "", "user": 1, "content_type": 13}}, {"pk": 67, "model": "admin.logentry", "fields": {"action_flag": 1, "action_time": "2013-10-16T19:13:06.925Z", "object_repr": "Rocket-Research-1", "object_id": "9", "change_message": "", "user": 1, "content_type": 13}}, {"pk": 68, "model": "admin.logentry", "fields": {"action_flag": 1, "action_time": "2013-10-16T19:13:41.902Z", "object_repr": "Rocket-Research-2", "object_id": "10", "change_message": "", "user": 1, "content_type": 13}}, {"pk": 69, "model": "admin.logentry", "fields": {"action_flag": 1, "action_time": "2013-10-16T19:14:26.699Z", "object_repr": "Space-Station-Research", "object_id": "11", "change_message": "", "user": 1, "content_type": 13}}, {"pk": 70, "model": "admin.logentry", "fields": {"action_flag": 1, "action_time": "2013-10-16T19:15:07.591Z", "object_repr": "Lunar-Research", "object_id": "12", "change_message": "", "user": 1, "content_type": 13}}, {"pk": 71, "model": "admin.logentry", "fields": {"action_flag": 1, "action_time": "2013-10-16T23:29:16.170Z", "object_repr": "Football-Analysis-1", "object_id": "1", "change_message": "", "user": 1, "content_type": 16}}, {"pk": 72, "model": "admin.logentry", "fields": {"action_flag": 1, "action_time": "2013-10-16T23:29:55.166Z", "object_repr": "Football-Analysis-2", "object_id": "2", "change_message": "", "user": 1, "content_type": 16}}, {"pk": 73, "model": "admin.logentry", "fields": {"action_flag": 2, "action_time": "2013-10-16T23:30:09.559Z", "object_repr": "Football-Analysis-1", "object_id": "1", "change_message": "Changed description.", "user": 1, "content_type": 16}}, {"pk": 74, "model": "admin.logentry", "fields": {"action_flag": 1, "action_time": "2013-10-16T23:30:43.236Z", "object_repr": "Alt-Football-Analysis", "object_id": "3", "change_message": "", "user": 1, "content_type": 16}}, {"pk": 1, "model": "socialnet.userprofile", "fields": {"bio": "I am a software engineer.", "web_site": "http://www.fstakem.com/", "cover_photo": "photos/fstakem/cover/cover__2013_10_16_13:48:20.508420__stock_cover.png", "profile_photo": "photos/fstakem/profile/profile__2013_10_16_13:48:20.507569__profile.png", "user": 1, "address": [1], "friend": [3, 4, 2]}}, {"pk": 2, "model": "socialnet.userprofile", "fields": {"bio": "I am very important girl.", "web_site": "http://www.ssuder.com/", "cover_photo": "photos/ssuder/cover/cover__2013_10_16_13:54:56.015156__cover_vint.png", "profile_photo": "photos/ssuder/profile/profile__2013_10_16_13:54:56.014312__profile_sam.png", "user": 2, "address": [2], "friend": [1, 3, 4, 2]}}, {"pk": 3, "model": "socialnet.userprofile", "fields": {"bio": "I am Max the dog.", "web_site": "http://www.lilpup.com/", "cover_photo": "photos/lilpup/cover/cover__2013_10_16_13:55:42.291758__cover_snow.png", "profile_photo": "photos/lilpup/profile/profile__2013_10_16_13:55:42.290780__profile_max.png", "user": 3, "address": [3], "friend": [2]}}, {"pk": 4, "model": "socialnet.userprofile", "fields": {"bio": "I am Murphy the dog.", "web_site": "http://www.murdog.com/", "cover_photo": "photos/murdog/cover/cover__2013_10_16_13:56:41.102278__cover_crys.png", "profile_photo": "photos/murdog/profile/profile__2013_10_16_13:56:41.101372__profile_mur.png", "user": 4, "address": [4], "friend": [1]}}, {"pk": 1, "model": "socialnet.project", "fields": {"description": "Simulation of football games", "observer": [], "current_revision": 1, "contributor": [3, 4, 2], "last_activity": "2013-10-16T18:35:14Z", "owner": 1, "date_created": "2013-10-16T18:34:24Z", "public": true, "name": "Football-Simulator"}}, {"pk": 2, "model": "socialnet.project", "fields": {"description": "Research into dog food.", "observer": [2], "current_revision": 2, "contributor": [3, 4], "last_activity": "2013-10-16T18:35:38Z", "owner": 1, "date_created": "2013-10-16T18:35:36Z", "public": true, "name": "Dog-Food-Research"}}, {"pk": 3, "model": "socialnet.project", "fields": {"description": "Private space research", "observer": [3, 4], "current_revision": 3, "contributor": [2], "last_activity": "2013-10-16T18:36:39Z", "owner": 1, "date_created": "2013-10-16T18:36:38Z", "public": false, "name": "Space-Research"}}, {"pk": 1, "model": "socialnet.data", "fields": {"name": "Tech-Game-1", "file_data": "data/fstakem/Football-Simulator-Super-Computer/data__2013_10_16_14:47:42.340331__data.txt", "description": "Game 1 simulation", "host": 1, "collected_location": 4, "owner": 1, "date_created": "2013-10-16T18:41:02Z", "revision": 1}}, {"pk": 2, "model": "socialnet.data", "fields": {"name": "Tech-Game-2", "file_data": "data/lilpup/Football-Simulator-Super-Computer/data__2013_10_16_14:48:16.424776__data.txt", "description": "Game 2", "host": 1, "collected_location": 4, "owner": 3, "date_created": "2013-10-16T18:47:51Z", "revision": 1}}, {"pk": 3, "model": "socialnet.data", "fields": {"name": "Tech-Game-3", "file_data": "data/murdog/Football-Simulator-Super-Computer/data__2013_10_16_14:48:47.101345__data.txt", "description": "Game 3", "host": 1, "collected_location": 4, "owner": 4, "date_created": "2013-10-16T18:48:26Z", "revision": 1}}, {"pk": 4, "model": "socialnet.data", "fields": {"name": "Tech-Game-4", "file_data": "data/fstakem/Football-Simulator-Super-Computer/data__2013_10_16_14:49:50.428823__data.txt", "description": "Game 4", "host": 1, "collected_location": 4, "owner": 1, "date_created": "2013-10-16T18:48:55Z", "revision": 1}}, {"pk": 5, "model": "socialnet.data", "fields": {"name": "Tech-Game-1-Alt", "file_data": "data/ssuder/Football-Simulator-Backup/data__2013_10_16_14:50:29.586365__data.txt", "description": "Alternate simulation", "host": 2, "collected_location": 4, "owner": 2, "date_created": "2013-10-16T18:50:07Z", "revision": 1}}, {"pk": 6, "model": "socialnet.data", "fields": {"name": "Dog-Food-Data-1", "file_data": "data/murdog/Dog-Food-Simulator/data__2013_10_16_15:11:24.335773__data.txt", "description": "Data", "host": 8, "collected_location": 10, "owner": 4, "date_created": "2013-10-16T19:10:51Z", "revision": 2}}, {"pk": 7, "model": "socialnet.data", "fields": {"name": "Dog-Food-Data-2", "file_data": "data/lilpup/Dog-Food-Data-Store/data__2013_10_16_15:11:51.667666__data.txt", "description": "Data", "host": 9, "collected_location": 10, "owner": 3, "date_created": "2013-10-16T19:11:33Z", "revision": 2}}, {"pk": 8, "model": "socialnet.data", "fields": {"name": "Dog-Food-Data-3", "file_data": "data/lilpup/Dog-Food-Simulator/data__2013_10_16_15:12:18.252529__data.txt", "description": "Data", "host": 8, "collected_location": 10, "owner": 3, "date_created": "2013-10-16T19:12:00Z", "revision": 2}}, {"pk": 9, "model": "socialnet.data", "fields": {"name": "Rocket-Research-1", "file_data": "data/fstakem/NASA-Sim-Host-1/data__2013_10_16_15:13:06.923706__data.txt", "description": "Research on rockets", "host": 4, "collected_location": 6, "owner": 1, "date_created": "2013-10-16T19:12:33Z", "revision": 3}}, {"pk": 10, "model": "socialnet.data", "fields": {"name": "Rocket-Research-2", "file_data": "data/fstakem/NASA-Sim-Host-3/data__2013_10_16_15:13:41.900752__data.txt", "description": "Rocket research", "host": 6, "collected_location": 8, "owner": 1, "date_created": "2013-10-16T19:13:18Z", "revision": 3}}, {"pk": 11, "model": "socialnet.data", "fields": {"name": "Space-Station-Research", "file_data": "data/fstakem/NASA-Sim-Host-4/data__2013_10_16_15:14:26.697913__data.txt", "description": "Space station research", "host": 7, "collected_location": 6, "owner": 1, "date_created": "2013-10-16T19:13:59Z", "revision": 3}}, {"pk": 12, "model": "socialnet.data", "fields": {"name": "Lunar-Research", "file_data": "data/fstakem/NASA-Sim-Host-4/data__2013_10_16_15:15:07.589417__data.txt", "description": "Lunar research", "host": 7, "collected_location": 6, "owner": 1, "date_created": "2013-10-16T19:14:44Z", "revision": 3}}, {"pk": 1, "model": "socialnet.analysis", "fields": {"description": "Analysis of the football games", "contributor": [4, 2], "project": 1, "last_activity": "2013-10-16T23:28:50Z", "owner": 1, "date_created": "2013-10-16T23:28:49Z", "data": [1, 2], "name": "Football-Analysis-1"}}, {"pk": 2, "model": "socialnet.analysis", "fields": {"description": "Second analysis", "contributor": [3], "project": 1, "last_activity": "2013-10-16T23:29:33Z", "owner": 1, "date_created": "2013-10-16T23:29:32Z", "data": [3, 4], "name": "Football-Analysis-2"}}, {"pk": 3, "model": "socialnet.analysis", "fields": {"description": "Alternative analysis", "contributor": [1], "project": 1, "last_activity": "2013-10-16T23:30:27Z", "owner": 4, "date_created": "2013-10-16T23:30:26Z", "data": [1, 2, 3, 4], "name": "Alt-Football-Analysis"}}]